id,id_photo,id_survey,like_bool,anger,fear,disgust,sadness,happiness,surprise,neutral,valence,arousal,dominance
1,1754,1,1,0,0,0,0,0,0,5,3,1,2
2,1785,1,1,0,0,0,2,0,0,0,2,2,3
3,123,1,0,0,0,0,4,0,0,0,1,3,1
4,2315,1,0,0,0,0,2,0,0,0,2,1,3
5,1548,1,0,0,0,0,0,0,0,5,3,1,3
6,1055,1,1,0,0,0,0,3,0,0,4,3,4
7,1738,1,1,0,0,0,0,3,0,0,4,4,4
8,2922,1,1,0,0,0,0,0,0,3,3,2,4
9,318,1,0,0,0,0,2,0,0,0,2,2,2
10,948,1,0,0,0,0,0,0,0,3,3,2,2
11,986,1,0,3,0,0,0,0,0,0,2,4,4
12,1142,1,1,0,0,0,0,1,0,0,3,1,3
13,889,1,0,0,0,0,2,0,0,0,2,3,2
14,1059,1,1,0,0,0,0,4,0,0,5,3,3
15,1507,1,1,0,0,0,0,3,0,0,4,2,3
16,1778,2,1,0,0,0,1,0,0,3,3,2,1
17,379,2,0,3,4,0,4,0,0,0,1,3,2
18,342,2,0,4,0,5,5,0,0,0,1,2,3
19,1898,2,0,0,0,0,4,0,0,5,3,1,1
20,2121,2,1,0,0,0,0,4,0,0,5,1,2
21,2370,2,1,0,0,0,0,1,0,3,3,1,1
22,25,2,0,0,0,0,3,0,0,0,2,2,2
23,991,2,0,0,0,0,0,0,0,5,3,1,1
24,667,2,1,0,0,0,0,4,0,0,5,2,1
25,2234,2,0,0,0,0,0,0,0,3,3,1,1
26,544,2,1,0,0,0,0,2,0,5,4,1,1
27,1621,2,1,0,0,0,0,2,0,0,3,1,1
28,40,2,1,0,0,0,0,3,0,0,4,1,1
29,1872,2,1,0,0,0,2,0,0,0,3,1,1
30,2211,2,1,0,0,0,0,0,0,5,3,1,1
31,316,3,0,0,0,0,0,0,0,4,3,1,4
32,1569,3,1,0,0,1,0,2,0,4,4,3,3
33,748,3,1,0,0,0,0,3,0,2,5,3,2
34,2482,3,0,0,0,2,0,0,1,3,3,1,2
35,2144,3,1,0,0,0,0,3,2,0,4,2,3
36,1927,3,0,0,2,3,3,0,0,0,2,1,3
37,2184,3,1,0,0,0,0,4,0,0,4,3,3
38,235,3,0,0,5,4,0,0,3,0,1,2,4
39,1747,3,1,0,0,0,4,0,0,0,2,1,1
40,1407,3,1,0,0,0,0,2,0,4,4,2,1
41,2669,3,0,0,0,3,0,0,0,3,2,1,3
42,655,3,1,0,0,0,0,5,0,3,5,1,2
43,675,3,1,0,0,0,0,0,0,4,3,2,2
44,1295,3,1,0,0,0,0,4,2,0,4,3,3
45,169,3,0,0,5,4,3,0,5,0,1,3,4
46,2661,4,1,0,0,0,1,0,0,0,3,1,3
47,1250,4,0,0,4,0,0,0,0,0,1,3,2
48,1082,4,1,0,0,0,0,0,0,4,5,2,5
49,1710,4,1,0,0,0,0,3,0,0,5,3,5
50,2053,4,1,0,0,0,0,4,0,0,5,3,4
51,766,4,1,0,0,0,0,0,0,3,3,2,3
52,2901,4,1,0,0,0,0,2,3,0,4,3,4
53,2933,4,1,0,1,0,0,5,4,0,5,3,4
54,494,4,1,0,0,0,0,2,0,4,4,1,4
55,1665,4,1,0,0,0,0,2,0,4,5,2,4
56,2323,4,1,0,0,0,0,0,0,4,4,1,5
57,2073,4,1,0,0,0,0,0,3,0,5,3,5
58,1816,4,1,0,0,0,0,0,0,3,4,2,4
59,2395,4,1,0,0,0,0,2,3,0,5,3,5
60,1358,4,1,0,0,0,0,4,2,0,4,3,5
61,1717,5,1,0,0,0,0,0,0,3,4,2,3
62,2717,5,1,0,0,0,0,3,0,0,3,3,3
63,749,5,1,0,0,0,3,0,0,0,3,3,3
64,99,5,1,0,0,0,0,5,0,0,5,5,5
65,158,5,1,0,0,0,0,0,0,4,4,4,4
66,2642,5,1,0,0,0,0,0,3,0,3,3,3
67,1251,5,1,0,0,0,0,4,0,0,4,4,4
68,1725,5,1,0,0,0,0,0,4,0,4,4,4
69,2734,5,1,0,0,0,0,0,4,0,4,4,4
70,1686,5,1,0,0,0,0,0,0,3,3,3,3
71,193,5,1,0,3,0,0,0,0,0,4,4,4
72,2347,5,1,0,0,0,0,0,0,3,3,3,3
73,2067,5,1,0,0,0,0,0,3,0,3,3,3
74,498,5,1,0,0,0,0,0,3,0,3,3,3
75,2897,5,1,0,0,0,0,0,0,3,3,3,3
76,1730,6,1,0,0,0,0,3,0,0,5,2,5
77,1308,6,1,0,0,0,0,3,0,0,4,2,5
78,3054,6,1,0,0,0,3,0,0,0,4,3,4
79,1442,6,1,0,0,0,0,2,4,0,4,4,5
80,546,6,1,0,0,0,0,0,0,3,4,2,4
81,1251,6,1,0,0,0,0,3,0,0,4,2,4
82,698,6,1,0,3,0,0,0,0,0,3,2,3
83,2143,6,1,0,0,0,0,0,0,3,3,2,3
84,681,6,1,0,0,0,0,0,3,0,3,2,3
85,2940,6,1,0,0,0,0,4,3,0,3,2,3
86,1513,6,1,0,0,0,0,3,0,0,3,2,3
87,2581,6,1,0,0,0,0,4,0,0,3,2,3
88,2416,6,1,0,0,0,3,0,0,0,4,2,4
89,1287,6,1,0,0,0,0,4,0,0,3,2,3
90,1627,6,1,0,0,0,0,0,0,3,3,2,3
91,2358,7,1,0,0,0,0,0,0,5,3,3,3
92,1461,7,1,0,0,0,0,5,0,0,3,3,3
93,2789,7,1,0,0,0,0,0,0,1,3,3,3
94,611,7,1,0,0,0,0,5,0,0,3,3,3
95,2877,7,0,0,0,5,0,0,0,0,1,1,1
96,429,7,1,0,0,0,0,5,0,0,3,3,3
97,2046,7,0,0,0,0,5,0,0,0,1,1,1
98,2691,7,0,0,0,0,5,0,0,0,1,1,1
99,461,7,1,0,0,0,0,5,0,0,5,5,5
100,2095,7,1,0,0,0,0,5,0,0,4,4,4
101,1104,7,1,0,0,0,0,5,0,0,5,5,5
102,2098,7,1,0,5,0,0,0,0,0,3,3,3
103,1771,7,0,0,0,0,5,0,0,0,1,1,1
104,2195,7,1,0,0,0,0,5,0,0,5,5,5
105,1751,7,0,0,0,0,5,0,0,0,3,3,3
106,1763,8,0,0,0,0,4,0,0,0,2,1,1
107,2839,8,1,0,0,0,0,0,0,4,3,1,2
108,426,8,1,0,0,0,0,3,0,0,3,2,2
109,750,8,0,0,4,0,0,0,0,0,2,1,1
110,2024,8,0,0,0,0,4,0,0,0,1,1,1
111,1237,8,1,0,0,0,0,3,0,0,2,2,2
112,2313,8,1,0,0,0,0,0,4,0,3,3,2
113,1925,8,0,5,0,0,0,0,0,0,3,1,1
114,2516,8,0,0,0,0,4,0,0,0,3,1,1
115,354,8,0,5,0,0,0,0,0,0,1,1,1
116,835,8,0,0,0,0,5,0,0,0,1,1,1
117,2560,8,0,0,0,0,0,0,0,3,2,2,2
118,38,8,1,0,0,0,0,4,0,0,5,4,4
119,1078,8,1,0,0,0,0,4,0,0,5,3,3
120,2003,8,0,0,0,0,4,0,0,0,1,1,1
121,1247,9,1,0,0,0,0,4,0,0,5,4,4
122,1415,9,1,0,0,0,0,4,0,0,5,4,4
123,2780,9,0,0,0,0,0,0,0,3,3,1,2
124,1300,9,1,0,0,0,0,4,0,0,5,4,4
125,2193,9,0,0,0,0,3,0,0,0,1,1,2
126,2677,9,0,0,0,0,4,0,0,0,1,1,2
127,1839,9,1,0,0,0,0,3,0,0,4,3,4
128,1543,9,1,0,0,0,0,0,0,3,3,2,2
129,2387,9,1,0,0,0,0,0,3,0,3,1,2
130,1984,9,1,0,0,0,5,0,0,0,1,1,3
131,1657,9,1,0,0,0,0,0,4,0,3,3,5
132,3018,9,1,0,0,0,0,0,0,3,3,1,2
133,2668,9,1,0,0,0,4,0,0,0,2,2,2
134,1712,9,1,0,0,0,0,4,0,0,3,4,5
135,484,9,1,0,0,0,0,4,0,0,5,4,4
136,380,10,0,0,0,5,0,0,0,0,5,1,3
137,155,10,0,0,0,0,4,0,0,0,3,1,3
138,2925,10,1,0,0,0,3,0,0,0,1,4,4
139,2892,10,1,0,3,0,0,0,0,0,3,4,5
140,310,10,1,0,0,0,0,3,0,0,3,4,5
141,2894,10,1,0,3,0,0,0,0,0,3,4,5
142,2738,10,1,0,0,0,0,3,0,0,3,4,4
143,14,10,1,0,3,0,0,0,0,0,3,5,5
144,732,10,1,0,0,0,0,0,0,3,3,3,3
145,1780,10,0,0,0,0,5,0,0,0,3,1,1
146,3059,10,0,0,0,0,4,0,0,0,4,3,3
147,321,10,0,0,0,0,0,0,0,3,3,3,3
148,1047,10,1,0,0,0,0,4,0,0,3,3,3
149,55,10,1,0,0,0,0,4,0,0,4,4,5
150,2372,10,1,0,0,0,0,0,0,3,3,3,3
151,1681,11,1,0,0,0,0,5,0,0,5,1,4
152,1802,11,0,0,0,0,0,0,0,5,3,1,1
153,1255,11,1,0,0,0,1,0,0,0,1,1,1
154,383,11,0,0,0,0,1,0,0,0,1,1,1
155,1612,11,0,0,0,0,0,0,0,2,1,1,1
156,1821,11,1,0,0,0,0,4,0,0,5,3,4
157,3015,11,0,0,0,0,3,0,0,0,1,3,2
158,1708,11,1,0,0,0,0,0,0,1,2,1,3
159,2002,11,0,0,0,0,5,0,0,0,1,1,1
160,2951,11,1,0,0,0,0,0,0,2,2,2,4
161,2985,11,0,0,0,0,0,0,0,3,1,1,1
162,2306,11,1,0,0,0,0,0,0,1,1,1,1
163,1417,11,1,0,0,0,0,4,0,0,4,3,4
164,2621,11,1,0,0,0,0,0,0,1,3,3,3
165,2285,11,1,0,0,0,0,4,0,0,3,2,4
166,2914,12,1,0,0,0,0,0,0,5,3,5,5
167,1235,12,1,0,0,0,0,4,0,0,4,4,5
168,1525,12,1,0,0,0,4,0,0,0,4,2,3
169,400,12,1,0,0,0,0,5,0,0,4,2,5
170,2896,12,0,0,0,5,0,0,0,0,5,4,4
171,1858,12,1,0,0,0,0,0,0,4,3,1,1
172,2955,12,0,0,5,0,0,0,0,0,3,1,1
173,2876,12,0,0,0,5,0,0,0,0,5,2,4
174,2989,12,1,0,0,0,0,4,0,0,4,3,4
175,2448,12,1,0,0,0,0,0,0,5,1,1,1
176,500,12,1,0,0,0,0,1,0,0,5,1,5
177,1838,12,1,0,0,0,0,0,5,0,4,3,3
178,1721,12,1,0,0,0,0,5,0,0,4,1,2
179,2998,12,1,0,0,0,5,0,0,0,4,1,3
180,2099,12,1,0,0,0,0,3,0,0,4,1,1
181,2995,13,1,0,0,0,0,0,0,1,4,1,2
182,2787,13,1,0,0,0,0,3,0,0,5,2,5
183,1267,13,1,0,0,0,0,5,0,0,5,2,2
184,601,13,1,0,0,0,0,0,0,3,4,3,3
185,1775,13,1,0,0,0,4,0,0,0,1,4,1
186,2474,13,1,0,0,0,0,0,0,3,1,1,1
187,1089,13,1,0,0,0,0,4,0,0,5,3,3
188,142,13,0,3,0,0,2,0,0,0,1,1,1
189,1645,13,1,0,0,0,0,4,0,0,5,3,4
190,2299,13,1,0,0,0,0,4,0,0,5,2,3
191,227,13,0,3,3,0,0,0,0,0,2,2,2
192,155,13,0,0,3,3,3,0,0,0,1,1,1
193,2684,13,0,0,0,0,0,0,0,2,1,1,1
194,1280,13,0,0,0,0,0,3,4,0,3,2,2
195,1601,13,0,0,0,0,0,0,0,2,1,1,1
196,2097,14,1,0,0,0,0,0,0,5,1,1,2
197,2137,14,1,0,0,0,0,0,0,4,2,2,2
198,2556,14,1,0,0,0,0,2,0,0,2,2,3
199,1342,14,1,0,0,0,0,4,0,0,3,3,3
200,2844,14,0,0,0,0,3,0,0,0,1,1,1
201,2533,14,1,0,0,0,0,0,0,2,1,1,1
202,1279,14,1,0,0,0,0,3,0,0,3,3,3
203,1091,14,1,0,0,0,0,5,0,0,4,4,4
204,2736,14,0,0,1,0,0,0,0,0,2,2,2
205,174,14,1,0,0,0,0,0,3,0,3,3,2
206,857,14,0,0,0,0,1,0,0,0,3,3,2
207,612,14,1,0,0,0,0,2,0,0,4,4,4
208,2649,14,0,0,0,0,0,0,1,0,3,2,3
209,731,14,1,0,0,0,0,0,1,0,3,3,3
210,1805,14,0,0,0,0,1,0,0,0,3,3,3
211,1312,15,1,0,0,0,0,4,0,0,3,2,3
212,1197,15,1,0,0,0,0,3,0,0,3,3,3
213,1792,15,1,0,0,0,0,0,0,2,2,2,2
214,407,15,1,0,0,0,0,4,0,0,4,3,3
215,1761,15,1,0,0,0,0,0,0,2,2,2,2
216,2920,15,1,0,0,0,0,0,3,0,3,3,2
217,346,15,0,0,0,0,0,0,0,1,3,4,3
218,2882,15,1,0,0,0,0,0,3,0,3,2,3
219,689,15,1,0,0,0,0,5,0,0,4,4,4
220,2583,15,1,0,0,0,0,0,0,3,3,3,3
221,2848,15,1,0,0,0,0,0,0,3,3,3,3
222,327,15,1,0,0,0,0,0,3,0,3,3,3
223,2447,15,0,0,0,0,1,0,0,0,4,4,4
224,2390,15,0,0,0,0,3,0,0,0,3,3,3
225,1726,15,0,0,0,0,3,0,0,0,3,3,3
226,364,16,0,0,0,0,0,0,0,1,2,1,3
227,60,16,1,0,0,0,0,1,0,0,3,2,2
228,1335,16,0,0,0,0,0,0,0,1,1,1,1
229,2286,16,1,0,0,0,0,1,0,0,4,2,2
230,215,16,1,0,0,0,0,1,0,0,5,3,2
231,2435,16,1,0,0,0,0,0,0,1,3,1,1
232,2259,16,0,0,0,0,0,0,0,1,1,1,1
233,205,16,1,0,0,0,0,0,0,1,2,1,1
234,1833,16,0,0,0,0,5,0,0,0,4,1,1
235,1395,16,1,0,0,0,0,5,0,0,5,3,1
236,336,16,0,0,0,5,0,0,0,0,5,1,1
237,993,16,0,0,0,0,0,0,0,2,2,1,1
238,2135,16,1,0,0,0,0,3,0,0,4,1,1
239,1748,16,0,0,0,0,1,0,0,0,3,1,1
240,2410,16,1,0,0,0,0,0,0,1,4,1,1
241,80,17,0,0,0,0,0,0,4,0,5,3,4
242,1720,17,1,0,0,0,0,4,0,0,5,5,5
243,551,17,1,0,0,0,0,0,0,3,3,2,2
244,3041,17,1,0,0,0,0,0,3,0,3,3,3
245,2811,17,0,0,4,0,0,0,0,0,4,3,4
246,2804,17,1,0,4,0,0,0,0,0,4,4,4
247,476,17,1,0,0,0,0,4,0,0,4,4,4
248,166,17,0,0,0,4,0,0,0,0,4,4,4
249,257,17,1,0,0,0,0,4,0,0,4,4,4
250,530,17,1,0,0,0,0,0,0,4,4,4,4
251,791,17,1,0,0,0,0,0,4,0,4,3,3
252,2396,17,1,0,0,0,0,0,0,3,4,4,4
253,1495,17,1,0,0,0,0,3,0,0,4,3,3
254,1317,17,1,0,0,0,0,0,0,3,5,4,3
255,3057,17,0,0,0,0,4,0,0,0,4,3,3
256,2476,18,1,0,0,0,0,0,4,0,3,2,3
257,2868,18,0,0,5,0,0,0,0,0,1,1,3
258,2045,18,1,0,0,0,3,0,0,0,3,1,1
259,474,18,1,0,0,0,0,5,0,0,4,4,4
260,1302,18,1,0,0,0,0,5,0,0,4,4,4
261,990,18,1,0,0,0,0,0,0,3,2,2,3
262,3016,18,1,0,0,0,3,0,0,0,3,3,4
263,1156,18,1,0,0,0,0,0,0,4,2,2,2
264,1502,18,1,0,0,0,0,0,0,3,2,2,2
265,1550,18,1,0,0,0,0,0,3,0,2,3,3
266,2536,18,1,0,0,0,0,0,0,3,3,1,1
267,1202,18,1,0,0,0,0,4,0,0,4,4,4
268,1594,18,1,0,0,0,0,3,0,0,4,4,4
269,1737,18,1,0,0,0,0,5,0,0,5,5,5
270,954,18,0,0,0,5,0,0,0,0,3,1,2
271,3062,19,1,0,0,0,3,0,0,0,1,1,2
272,1801,19,1,0,0,0,1,0,0,0,3,3,3
273,1535,19,1,0,3,0,0,0,0,0,2,2,2
274,3047,19,1,0,0,0,0,0,0,1,3,3,3
275,1127,19,1,0,0,0,0,3,0,0,4,4,4
276,980,19,1,0,0,0,0,0,0,1,2,2,2
277,1891,19,1,0,0,0,0,0,0,1,1,1,1
278,2832,19,1,0,0,0,4,0,0,0,2,2,2
279,98,19,1,0,0,0,0,3,0,0,3,3,3
280,1007,19,1,0,0,0,0,0,0,2,2,2,2
281,3004,19,1,0,0,0,0,0,0,2,2,2,2
282,421,19,1,0,0,0,0,4,0,0,4,4,4
283,2634,19,1,0,0,0,0,0,0,1,2,2,2
284,1352,19,1,0,0,0,0,2,0,0,3,3,3
285,208,19,1,0,0,0,0,5,0,0,5,5,5
286,1013,20,0,0,0,0,0,0,3,0,3,1,1
287,2776,20,0,0,0,0,0,0,0,5,1,1,1
288,1429,20,1,0,0,0,0,4,0,0,3,3,2
289,1861,20,0,0,0,0,5,0,0,0,3,2,2
290,1980,20,0,0,0,0,5,0,0,0,4,2,2
291,2444,20,1,0,0,0,0,3,0,0,2,2,2
292,1979,20,0,0,0,0,5,0,0,0,3,4,2
293,567,20,1,0,0,0,0,4,0,0,3,3,2
294,2192,20,1,0,0,0,0,3,0,0,2,2,1
295,381,20,0,0,0,0,5,0,0,0,2,3,1
296,2546,20,0,0,0,0,5,0,0,0,2,2,1
297,3068,20,0,0,0,0,0,0,0,3,1,1,1
298,6,20,1,0,0,0,0,0,3,0,2,2,1
299,1724,20,1,0,0,0,0,0,0,5,1,1,1
300,2796,20,1,0,0,0,0,0,4,0,3,3,2
301,615,21,1,0,0,0,0,3,0,0,3,3,4
302,2303,21,1,0,0,0,0,0,0,4,4,3,3
303,2412,21,1,0,0,0,0,4,0,0,4,4,3
304,1012,21,1,0,0,0,0,0,0,3,2,3,3
305,692,21,1,0,0,0,0,4,0,0,4,4,4
306,1044,21,1,0,0,0,0,4,0,0,4,4,4
307,2792,21,1,0,2,0,0,0,0,0,2,2,2
308,2030,21,0,0,0,0,4,0,0,0,1,1,1
309,739,21,1,0,0,0,3,0,0,0,2,2,3
310,853,21,0,0,0,0,4,0,0,0,2,2,2
311,584,21,1,0,0,0,0,4,0,0,4,4,4
312,1388,21,1,0,0,0,0,5,0,0,5,5,5
313,1365,21,1,0,0,0,0,5,0,0,5,5,5
314,137,21,1,0,0,0,5,0,0,0,5,3,5
315,887,21,0,0,3,0,0,0,0,0,5,4,4
316,2237,22,0,0,0,0,0,0,1,0,1,1,1
317,1910,22,1,0,0,0,0,0,2,0,2,2,2
318,1100,22,1,0,0,0,0,0,0,1,1,1,1
319,365,22,0,0,0,0,4,0,0,0,1,1,1
320,1236,22,1,0,0,0,0,0,0,1,1,1,1
321,1428,22,1,0,0,0,0,3,0,0,2,2,2
322,724,22,1,0,0,0,0,0,0,1,1,1,1
323,1628,22,1,0,0,0,0,0,0,1,1,1,1
324,2291,22,1,0,0,0,0,0,0,1,1,1,1
325,2369,22,1,0,0,0,0,0,0,1,1,1,1
326,1273,22,1,0,0,0,0,5,0,0,4,4,4
327,2674,22,0,0,0,0,0,0,0,1,1,1,1
328,2340,22,1,0,0,0,0,3,0,0,4,2,3
329,2162,22,1,0,0,0,0,3,0,0,4,3,4
330,890,22,1,0,0,0,0,0,2,0,4,3,4
331,1638,23,1,0,0,0,0,5,0,0,5,4,5
332,2,23,0,0,5,0,0,0,0,0,1,1,1
333,2957,23,1,0,0,0,0,5,0,0,5,4,4
334,861,23,1,0,0,0,5,0,0,0,2,1,1
335,2702,23,1,0,0,0,0,4,0,0,4,3,3
336,39,23,1,0,0,0,0,5,0,0,4,4,4
337,1315,23,1,0,0,0,0,5,0,0,5,4,4
338,634,23,1,0,0,0,0,5,0,0,4,4,4
339,534,23,0,0,0,0,4,0,0,0,2,2,2
340,756,23,0,0,0,0,4,0,0,0,1,1,1
341,2134,23,1,0,0,0,5,0,0,0,1,1,1
342,969,23,1,0,0,0,0,0,0,4,1,1,1
343,2326,23,1,0,0,0,0,0,0,4,3,3,3
344,1521,23,1,0,0,0,0,4,0,0,4,3,4
345,2341,23,1,0,0,0,0,5,0,0,4,4,4
346,1869,24,0,0,0,0,0,0,0,2,2,1,2
347,3032,24,0,0,0,0,3,0,0,0,1,3,3
348,250,24,1,0,0,0,0,0,0,2,2,2,1
349,216,24,0,0,3,0,0,0,0,0,3,3,3
350,186,24,1,0,0,0,0,0,3,0,3,3,3
351,1644,24,1,0,0,0,0,4,0,0,4,4,4
352,1087,24,1,0,0,0,0,0,0,3,3,4,3
353,1165,24,0,0,3,0,0,0,0,0,2,3,2
354,1487,24,1,0,0,0,0,3,0,0,3,3,3
355,2559,24,1,0,0,0,0,3,0,0,3,2,3
356,2159,24,1,0,0,0,0,4,0,0,4,4,4
357,2016,24,1,0,0,0,4,0,0,0,2,3,4
358,1683,24,1,0,0,0,0,5,0,0,5,4,4
359,271,24,1,0,0,0,0,4,0,0,3,2,3
360,2654,24,1,0,0,0,3,0,0,0,2,3,3
361,1554,25,1,1,1,1,1,1,1,5,4,3,4
362,2302,25,1,1,1,1,1,4,3,1,4,3,4
363,2618,25,1,1,1,1,1,4,3,1,3,4,4
364,1454,25,1,1,2,1,1,1,3,1,3,3,5
365,2353,25,1,1,2,1,1,2,2,1,3,2,3
366,278,25,0,1,2,1,1,1,2,1,3,2,3
367,2552,25,0,1,1,1,1,1,1,1,2,2,1
368,2727,25,1,1,1,1,1,3,3,1,3,3,3
369,736,25,0,1,2,1,1,1,1,1,1,1,1
370,1496,25,0,1,2,1,1,1,1,1,3,2,3
371,148,25,0,1,2,2,4,1,4,1,1,1,2
372,2050,25,0,1,1,1,3,1,1,1,1,1,1
373,629,25,1,1,1,1,1,2,1,1,2,2,2
374,2632,25,0,1,1,1,1,1,1,1,2,1,2
375,1201,25,1,1,1,1,1,2,1,1,3,2,2
376,128,26,0,0,2,0,0,0,0,0,1,2,1
377,3037,26,1,0,0,0,2,0,2,0,1,1,1
378,699,26,1,3,0,0,0,0,0,0,1,5,2
379,1435,26,1,0,0,0,0,2,0,0,5,4,4
380,1359,26,1,0,0,0,0,2,0,0,4,4,4
381,1588,26,1,0,0,0,0,0,0,1,3,3,3
382,2742,26,1,0,0,0,0,0,0,1,3,3,3
383,2723,26,1,0,0,0,0,0,2,0,3,3,3
384,1438,26,1,0,0,0,0,3,0,0,4,4,3
385,2706,26,1,0,0,0,0,5,4,0,5,4,3
386,340,26,0,0,0,5,0,0,0,0,1,1,1
387,177,26,0,0,0,0,0,0,0,1,3,3,3
388,243,26,0,1,0,0,1,0,0,0,1,1,1
389,2367,26,1,0,0,0,0,0,0,1,3,3,3
390,780,26,1,0,4,0,0,0,0,0,3,3,3
391,2114,27,0,0,0,0,3,0,0,2,2,1,1
392,1966,27,1,0,2,0,3,0,0,0,1,1,2
393,2895,27,1,0,4,2,0,0,2,0,3,2,2
394,1151,27,1,0,0,0,0,0,4,0,5,3,3
395,1946,27,1,0,0,2,0,0,0,3,1,1,1
396,2521,27,0,0,0,0,0,0,0,3,3,3,3
397,1194,27,1,0,0,0,0,3,0,0,5,4,3
398,2366,27,1,0,2,0,2,0,0,0,1,1,1
399,1340,27,1,0,0,0,0,5,0,0,5,5,5
400,93,27,1,0,0,0,2,0,0,0,2,2,2
401,1538,27,1,0,0,0,0,4,5,0,5,3,2
402,2352,27,1,0,0,0,4,0,0,3,2,2,2
403,1940,27,0,0,0,3,0,0,0,5,3,3,3
404,1522,27,1,0,5,0,0,0,0,0,1,1,1
405,2074,27,1,0,0,0,0,5,0,0,5,3,3
406,2006,28,1,0,0,0,3,0,0,3,3,2,2
407,415,28,1,0,0,0,0,4,0,0,4,4,3
408,414,28,1,0,0,0,0,4,0,0,4,5,3
409,1546,28,1,0,3,0,1,0,0,0,2,2,2
410,136,28,0,0,0,0,0,0,0,3,3,3,3
411,1853,28,0,0,0,0,0,0,0,3,2,2,2
412,184,28,0,0,4,0,0,0,0,0,3,3,4
413,113,28,0,0,2,1,3,0,0,0,2,2,2
414,1362,28,1,0,0,0,0,5,0,0,5,4,2
415,524,28,1,0,0,0,0,2,0,0,3,3,1
416,3009,28,1,0,0,0,0,3,0,0,5,3,2
417,996,28,0,0,0,0,0,0,0,1,2,1,1
418,94,28,0,0,3,0,3,0,0,0,3,2,2
419,46,28,0,0,4,0,0,0,0,0,2,3,3
420,1339,28,0,3,0,0,0,0,0,0,3,4,3
421,1424,29,1,0,0,0,0,5,0,0,5,2,2
422,2238,29,1,0,0,0,0,5,0,0,3,5,3
423,2288,29,1,0,0,0,0,5,0,0,3,2,3
424,1327,29,1,0,0,0,0,0,3,0,3,1,1
425,556,29,1,0,0,0,0,4,0,0,3,1,1
426,560,29,1,0,0,0,0,3,0,0,3,1,1
427,1939,29,1,0,0,0,0,3,0,0,3,1,1
428,953,29,1,0,0,0,0,0,0,3,3,1,1
429,557,29,1,0,0,0,0,5,0,0,4,3,3
430,559,29,1,0,0,0,0,3,0,0,4,2,3
431,2755,29,1,0,0,0,0,0,0,4,3,1,2
432,845,29,0,0,4,0,0,0,0,0,5,3,5
433,2219,29,1,0,0,0,0,5,0,0,5,4,5
434,2087,29,1,0,0,0,0,3,0,0,3,3,3
435,348,29,0,0,3,0,3,0,0,0,1,3,5
436,769,30,0,0,0,0,0,0,0,3,3,1,5
437,248,30,0,0,0,0,3,0,0,3,3,1,5
438,1045,30,1,0,0,0,0,5,0,0,5,3,5
439,880,30,0,0,0,0,3,0,0,0,2,1,5
440,2406,30,1,0,0,0,0,0,0,3,3,1,5
441,550,30,0,0,0,0,0,0,0,3,3,1,5
442,1882,30,0,0,0,0,0,0,0,3,3,1,5
443,2111,30,1,0,0,0,0,3,0,0,5,5,5
444,1567,30,0,0,0,0,0,0,0,3,3,1,5
445,1176,30,0,0,0,0,5,0,0,0,1,1,5
446,1745,30,0,0,0,0,0,0,0,3,3,1,5
447,773,30,0,0,0,0,0,0,0,3,3,1,5
448,1391,30,1,0,0,0,0,3,0,0,4,1,5
449,2161,30,1,0,0,0,0,3,0,0,4,2,5
450,2409,30,1,0,0,0,0,4,0,0,5,5,5
451,2963,31,1,0,0,0,0,0,0,1,3,3,3
452,1848,31,1,0,0,0,0,0,0,2,3,3,3
453,864,31,1,0,0,0,0,0,0,2,3,3,3
454,1691,31,1,0,0,0,0,3,0,0,5,4,4
455,706,31,1,0,0,0,0,3,0,0,4,4,4
456,1427,31,1,0,0,0,0,3,0,0,5,3,2
457,2258,31,1,0,0,0,0,3,0,0,5,4,3
458,230,31,1,0,0,0,0,0,2,0,2,5,3
459,32,31,1,0,0,0,0,5,0,0,5,5,3
460,459,31,1,0,0,0,0,0,0,1,3,1,3
461,738,31,1,0,0,0,0,0,2,0,5,3,3
462,1970,31,0,0,0,0,2,0,0,0,2,2,1
463,2604,31,0,0,3,0,3,0,3,0,2,2,2
464,95,31,1,0,0,0,1,0,0,0,3,2,2
465,2408,31,1,0,0,0,0,5,0,0,4,4,4
466,2405,32,1,0,0,0,0,2,0,0,4,2,2
467,319,32,0,0,0,3,0,0,0,0,2,2,2
468,2594,32,1,0,0,0,0,0,0,3,3,1,1
469,2368,32,1,0,0,0,0,4,0,0,4,3,3
470,2089,32,1,0,0,0,0,0,0,3,3,1,1
471,1246,32,1,0,0,0,0,3,0,0,4,2,2
472,471,32,1,0,0,0,0,4,0,0,4,4,3
473,1341,32,1,0,0,0,0,5,0,0,4,4,3
474,1982,32,1,0,0,0,0,0,0,1,3,2,2
475,1600,32,1,0,0,0,0,0,0,3,3,2,2
476,480,32,1,0,0,0,0,3,0,0,3,3,3
477,2127,32,1,0,1,0,0,0,0,0,3,3,3
478,1446,32,1,0,0,0,0,0,3,0,3,3,3
479,2799,32,0,5,0,0,0,0,0,0,1,4,5
480,2014,32,1,0,0,0,3,0,0,0,2,1,2
481,645,33,1,0,0,0,0,0,0,3,3,1,1
482,767,33,1,0,0,0,0,0,0,3,3,1,2
483,1650,33,1,0,0,0,0,3,0,0,3,2,2
484,1922,33,0,0,3,0,0,0,0,0,2,2,1
485,2660,33,0,0,0,0,0,0,0,2,1,1,1
486,2745,33,1,0,0,0,0,3,0,0,3,3,3
487,390,33,1,0,0,0,0,4,0,0,5,3,3
488,1840,33,0,0,0,0,4,0,0,0,3,3,3
489,644,33,1,0,0,0,0,4,0,0,5,1,4
490,865,33,1,4,0,0,0,0,0,0,4,4,4
491,347,33,0,0,0,0,5,0,0,0,5,5,5
492,2719,33,1,0,0,0,0,3,0,0,4,2,2
493,481,33,1,0,0,0,0,4,0,0,3,3,3
494,62,33,1,0,5,0,0,0,0,0,5,5,5
495,2206,33,1,0,0,0,0,3,0,0,4,4,4
496,598,34,1,0,0,0,0,4,0,0,5,1,5
497,2630,34,1,0,0,0,0,5,0,0,5,1,5
498,1146,34,1,0,0,0,0,2,0,4,4,1,4
499,1038,34,1,0,2,0,3,0,4,0,3,3,3
500,231,34,0,4,4,0,5,0,3,0,1,4,2
501,2810,34,0,0,3,0,4,0,0,0,2,2,4
502,1034,34,1,0,0,0,0,0,0,4,3,3,3
503,1975,34,0,0,0,0,4,0,0,0,2,2,4
504,402,34,1,0,0,0,0,4,2,0,4,2,4
505,129,34,1,0,0,0,0,0,0,4,3,2,5
506,1812,34,1,0,0,0,0,5,4,3,4,1,5
507,1374,34,1,0,0,0,0,4,4,0,5,1,4
508,925,34,0,0,4,0,2,0,3,0,2,4,2
509,2740,34,1,0,0,0,0,4,3,0,5,2,4
510,464,34,1,0,0,0,0,5,0,0,5,1,5
511,1518,35,1,0,0,3,0,0,4,0,3,5,2
512,2191,35,1,0,0,0,0,4,0,0,4,4,5
513,118,35,1,0,1,0,3,0,4,0,2,1,3
514,2202,35,1,0,0,0,0,5,0,0,4,3,4
515,1323,35,0,2,0,4,0,0,0,0,1,1,2
516,1223,35,1,0,0,0,0,4,5,0,5,3,4
517,652,35,1,0,0,0,0,0,0,3,3,3,3
518,1586,35,1,0,0,0,0,4,0,0,4,2,5
519,2502,35,1,0,0,0,0,0,0,5,3,3,3
520,2344,35,1,0,0,0,0,5,4,0,5,4,5
521,2695,35,1,0,3,0,4,0,2,0,3,4,2
522,1500,35,0,4,0,0,3,0,0,0,2,1,3
523,1757,35,0,0,0,0,4,0,0,0,1,1,3
524,2442,35,1,0,0,0,0,0,0,4,3,1,5
525,2678,35,1,0,0,0,0,0,4,0,3,2,3
526,542,36,1,0,0,0,0,5,0,0,5,4,5
527,1080,36,1,0,0,0,0,5,0,0,5,5,5
528,2319,36,1,0,0,0,0,4,0,0,5,5,5
529,1871,36,0,3,0,5,0,0,0,0,2,1,1
530,2287,36,1,0,0,0,0,0,5,0,5,5,5
531,1620,36,1,0,0,0,0,4,0,0,4,3,4
532,298,36,1,0,0,0,0,5,0,0,5,4,4
533,2273,36,1,0,0,0,0,5,0,0,5,5,5
534,2673,36,0,3,4,5,0,0,0,0,1,1,1
535,453,36,1,0,0,0,0,5,0,0,5,5,5
536,2481,36,1,0,0,0,0,3,0,0,5,3,4
537,2937,36,1,0,0,0,0,4,0,0,5,2,1
538,1642,36,1,0,0,0,0,5,0,0,5,4,5
539,2356,36,1,0,0,0,0,2,0,0,4,1,5
540,2994,36,0,2,0,0,5,0,0,0,1,1,1
541,674,37,1,0,0,0,0,4,0,0,3,3,3
542,1254,37,1,0,0,0,0,0,0,3,3,3,3
543,438,37,1,0,0,0,0,0,3,0,3,3,3
544,2167,37,1,0,0,0,0,0,0,3,3,3,3
545,599,37,1,0,0,0,0,3,0,0,3,3,3
546,1892,37,0,0,0,0,3,0,0,0,2,2,2
547,1311,37,1,0,0,0,0,3,0,0,3,3,3
548,1881,37,0,0,4,0,0,0,0,0,2,2,2
549,1818,37,1,0,0,0,0,0,0,3,3,3,3
550,2751,37,1,0,0,0,0,5,0,0,5,5,5
551,2713,37,1,0,0,0,0,5,0,0,5,5,5
552,1112,37,1,0,0,0,0,5,0,0,3,3,3
553,746,37,0,0,0,0,5,0,0,0,3,3,3
554,3042,37,1,0,0,0,0,0,3,0,3,3,3
555,2457,37,0,4,0,0,0,0,0,0,3,3,3
556,1308,38,1,0,0,0,0,5,0,0,5,2,3
557,2074,38,1,0,0,0,0,0,0,3,4,2,2
558,1327,38,1,0,0,0,0,4,3,0,3,3,3
559,1317,38,0,0,0,0,0,0,0,3,3,1,2
560,2014,38,1,0,0,0,3,0,0,0,3,1,2
561,2369,38,0,0,0,0,0,0,0,1,3,1,1
562,1621,38,1,0,0,0,0,0,0,2,3,1,1
563,2442,38,0,0,0,0,0,0,0,3,3,1,1
564,2195,38,0,0,0,0,0,0,0,3,3,2,1
565,530,38,0,0,0,0,0,0,0,3,3,2,2
566,3057,38,0,0,0,0,3,0,0,0,3,1,2
567,736,38,1,0,0,0,0,0,0,3,3,2,1
568,1080,38,1,0,0,0,0,3,0,0,4,3,3
569,155,38,0,0,0,0,4,0,0,0,3,1,2
570,1251,38,0,0,0,0,0,3,0,0,3,1,1
571,1317,39,1,0,0,0,0,3,0,0,4,1,1
572,2195,39,1,0,0,0,0,0,0,5,3,1,3
573,3057,39,1,0,1,0,3,0,0,0,2,1,3
574,1080,39,0,0,0,0,0,0,2,0,5,1,2
575,1308,39,1,0,0,0,0,4,0,0,5,1,3
576,736,39,1,0,0,0,0,0,2,0,3,1,3
577,530,39,1,0,0,0,0,0,0,3,4,1,3
578,2442,39,1,0,0,0,0,3,0,0,4,2,3
579,2369,39,1,0,0,0,0,0,2,0,4,1,3
580,1327,39,0,0,0,0,0,0,0,3,3,1,3
581,1621,39,1,0,0,0,1,0,0,0,3,2,3
582,2074,39,1,0,0,0,0,3,0,0,4,1,3
583,2014,39,1,0,1,0,2,0,0,0,2,2,2
584,155,39,1,0,0,0,2,0,0,0,3,1,3
585,1251,39,1,0,0,0,0,2,0,0,3,1,3
586,1317,40,1,0,0,0,0,0,0,3,4,3,2
587,2014,40,0,0,0,0,4,0,0,0,1,1,1
588,2074,40,1,0,0,0,0,5,0,0,5,4,4
589,1327,40,1,0,0,0,0,0,0,2,4,4,4
590,2442,40,1,0,0,0,0,4,0,0,5,4,4
591,2195,40,1,0,0,0,0,0,0,5,3,3,3
592,530,40,1,0,0,0,0,4,0,0,4,3,3
593,1308,40,1,0,0,0,0,5,0,0,5,4,5
594,736,40,0,1,0,0,0,0,0,0,1,1,1
595,2369,40,1,0,0,0,0,1,0,0,3,3,2
596,1621,40,1,0,0,0,0,5,0,0,4,4,3
597,3057,40,0,0,1,0,3,0,0,0,1,1,2
598,1080,40,1,0,0,0,0,0,0,1,3,2,1
599,155,40,0,0,0,0,2,0,0,0,1,1,1
600,1251,40,1,0,0,0,0,4,0,0,4,4,4
601,1407,41,0,0,0,0,0,1,0,0,1,1,1
602,2894,41,0,0,0,4,0,0,0,0,1,3,3
603,1327,41,1,0,0,0,0,0,1,0,3,3,1
604,1308,41,0,0,0,0,0,0,0,1,1,1,1
605,2442,41,1,0,0,0,0,4,0,0,3,3,3
606,3057,41,0,0,0,0,1,0,0,0,2,2,2
607,2195,41,0,0,0,0,0,0,0,1,1,1,1
608,1621,41,1,0,0,0,0,0,1,0,2,3,2
609,1317,41,0,0,0,0,0,0,0,1,1,1,1
610,2369,41,0,0,0,0,0,0,2,0,3,2,2
611,2014,41,0,0,0,0,2,0,0,0,3,3,3
612,736,41,0,0,0,0,0,0,1,0,2,1,1
613,530,41,1,0,0,0,0,0,0,1,3,2,1
614,1080,41,0,0,0,0,0,0,0,1,1,1,1
615,2074,41,1,0,0,0,0,0,0,2,2,2,2
616,390,42,1,0,0,0,0,5,0,0,5,3,1
617,248,42,0,5,2,3,4,0,0,0,2,5,5
618,2273,42,1,0,0,0,0,4,0,2,4,3,1
619,2,42,1,0,0,0,0,4,0,0,4,5,5
620,1165,42,0,0,0,4,0,0,0,0,4,1,1
621,1848,42,1,0,0,0,0,0,0,4,3,3,3
622,667,42,1,0,0,0,0,0,0,5,3,3,3
623,1818,42,0,0,0,0,0,3,0,2,3,3,3
624,113,42,0,0,0,0,4,0,0,0,2,1,1
625,1738,42,1,0,0,0,0,0,0,5,3,1,1
626,2193,42,1,0,0,0,0,0,0,5,3,1,1
627,1417,42,1,0,0,0,0,3,0,0,3,1,3
628,471,42,1,0,0,0,0,4,0,0,4,3,3
629,2894,42,1,0,0,0,0,3,0,0,3,3,4
630,1407,42,0,0,0,0,2,0,0,0,3,2,1
631,1417,43,1,0,0,0,0,4,0,0,4,4,3
632,2273,43,1,0,0,0,0,0,0,5,4,3,2
633,248,43,1,0,0,0,3,0,0,0,3,3,2
634,1848,43,1,0,0,0,0,3,4,0,3,4,2
635,667,43,1,0,0,0,0,5,0,0,3,3,1
636,1738,43,1,0,0,0,0,0,0,3,2,2,1
637,2193,43,0,0,0,0,0,0,0,4,1,1,1
638,390,43,1,0,0,0,0,5,0,0,4,5,2
639,1818,43,0,0,0,0,0,0,0,3,2,2,1
640,1165,43,1,0,0,0,0,0,2,0,2,2,1
641,2,43,1,0,4,0,0,0,0,0,2,3,3
642,471,43,1,0,0,0,0,5,0,0,3,5,1
643,113,43,1,0,0,0,5,0,0,0,3,4,2
644,2894,43,1,0,0,0,0,0,4,0,2,3,1
645,1407,43,1,0,0,0,0,5,0,0,3,5,2
646,1848,44,1,0,0,0,0,0,0,5,1,1,2
647,248,44,1,0,1,0,0,0,0,0,2,2,2
648,1165,44,1,0,0,0,0,0,0,5,2,2,2
649,2,44,1,0,1,1,0,0,0,0,3,2,3
650,113,44,1,0,0,0,5,0,0,0,3,3,3
651,390,44,1,0,0,0,0,5,0,0,2,2,3
652,1818,44,1,0,0,0,0,0,0,5,2,2,2
653,2193,44,1,0,0,0,2,0,0,0,2,1,2
654,667,44,1,0,0,0,0,2,0,2,2,2,2
655,2273,44,1,0,0,0,0,0,0,5,4,1,3
656,1738,44,1,0,0,0,0,0,0,3,3,5,2
657,1417,44,1,0,0,0,0,1,0,0,2,2,2
658,471,44,1,0,0,0,0,2,0,0,3,2,2
659,2894,44,1,0,2,0,0,0,0,0,2,3,4
660,1407,44,1,0,0,0,2,0,0,0,2,3,2
661,2273,45,1,0,0,0,0,3,0,0,3,1,3
662,1165,45,0,0,0,0,0,2,0,5,4,1,2
663,1417,45,1,0,0,0,0,5,0,0,4,3,3
664,113,45,0,2,1,1,5,0,0,0,1,1,2
665,1848,45,0,0,0,0,0,0,0,5,3,3,3
666,667,45,0,0,0,0,0,0,0,5,2,1,2
667,1738,45,1,0,0,0,0,2,0,0,3,2,2
668,471,45,1,0,0,0,0,5,0,0,2,1,2
669,390,45,1,0,0,0,0,5,0,0,4,3,3
670,1818,45,1,0,0,0,0,3,0,0,4,3,3
671,2,45,0,0,3,3,0,0,0,0,3,3,3
672,248,45,0,3,2,1,0,0,1,0,3,3,2
673,2193,45,0,0,0,0,0,0,0,5,2,2,2
674,2894,45,0,0,3,5,2,0,0,0,1,1,2
675,1407,45,1,0,0,0,0,4,0,0,4,2,3
676,390,46,1,0,0,0,0,5,0,0,3,1,3
677,1738,46,1,0,0,0,0,0,0,4,3,3,3
678,248,46,0,4,0,0,0,0,0,0,1,1,1
679,1417,46,1,0,0,0,0,4,0,0,5,2,5
680,1818,46,1,0,0,0,0,0,0,3,3,3,3
681,2,46,0,0,5,0,0,0,0,0,3,5,1
682,113,46,0,0,0,0,5,0,0,0,1,1,1
683,1165,46,0,0,0,0,0,0,4,0,3,1,5
684,1848,46,1,0,0,0,0,0,5,0,5,3,5
685,667,46,1,0,0,0,0,5,0,0,5,1,3
686,471,46,1,0,0,0,0,5,0,0,5,3,3
687,2193,46,1,0,0,0,5,0,0,0,2,1,1
688,2273,46,1,0,0,0,0,5,0,0,5,5,1
689,2894,46,0,0,5,0,0,0,0,0,1,4,1
690,1407,46,0,0,0,0,3,0,0,0,3,1,1
691,2193,47,0,0,0,0,0,0,0,5,4,1,3
692,1165,47,1,0,0,0,0,0,0,3,4,4,3
693,1738,47,1,0,0,0,0,3,0,4,4,3,3
694,2,47,1,0,2,2,0,0,2,0,2,2,2
695,471,47,1,0,0,0,0,4,0,0,5,4,3
696,1848,47,1,0,0,0,0,4,3,0,4,5,3
697,2273,47,1,0,0,0,0,4,0,0,4,4,3
698,113,47,1,0,0,0,3,0,0,0,2,3,3
699,1818,47,1,0,0,0,0,0,0,4,4,3,3
700,667,47,1,0,0,0,0,5,0,0,5,4,4
701,390,47,1,0,0,0,0,4,0,0,5,3,4
702,248,47,1,0,0,0,0,0,5,0,2,3,4
703,1417,47,1,0,0,0,0,4,0,0,5,4,4
704,2894,47,1,0,1,0,0,4,0,0,3,4,4
705,1407,47,1,0,0,0,0,3,0,0,4,3,3
706,2,48,0,0,4,0,0,0,0,0,2,4,5
707,1848,48,1,0,0,0,0,0,2,0,4,3,4
708,1165,48,1,0,0,0,0,4,0,0,4,4,3
709,2193,48,0,0,0,0,3,0,0,0,2,2,2
710,113,48,0,0,0,0,3,0,0,0,2,2,1
711,390,48,1,0,0,0,0,4,0,0,4,4,3
712,471,48,1,0,0,0,0,3,0,0,4,3,3
713,1818,48,1,0,0,0,0,2,0,0,4,3,4
714,1417,48,1,0,0,0,0,3,0,0,4,4,4
715,1738,48,1,0,0,0,0,0,0,4,3,1,1
716,667,48,1,0,0,0,0,3,0,0,5,1,1
717,2273,48,1,0,0,0,0,0,0,3,3,3,3
718,248,48,0,5,0,0,0,0,0,0,1,5,5
719,2894,48,0,0,5,5,0,0,0,0,1,5,5
720,1407,48,0,0,0,0,3,0,0,0,2,2,2
721,390,49,1,0,0,0,0,4,0,0,4,3,2
722,113,49,1,0,0,0,0,0,0,3,3,1,1
723,2,49,1,0,2,2,0,0,4,0,4,4,3
724,248,49,1,0,2,0,4,0,3,0,4,3,5
725,471,49,1,0,0,0,0,4,0,3,3,1,1
726,1738,49,1,0,0,0,0,3,0,4,4,3,3
727,1848,49,1,0,0,0,0,0,2,4,3,3,3
728,2273,49,1,0,0,0,0,3,3,3,4,2,2
729,2193,49,1,0,0,0,0,0,0,4,3,1,2
730,667,49,1,0,0,0,2,3,0,3,2,3,3
731,1417,49,1,0,0,0,0,4,0,0,4,4,3
732,1818,49,1,0,0,0,0,4,0,2,4,3,4
733,1165,49,0,0,0,2,0,0,0,4,3,1,1
734,1407,49,1,0,0,0,2,5,0,0,4,3,2
735,2894,49,1,0,0,0,0,4,1,0,4,4,4
736,1848,50,1,0,0,0,0,0,3,0,4,3,3
737,2273,50,1,0,0,0,0,4,0,0,5,4,3
738,1738,50,1,0,0,0,0,0,0,4,3,3,3
739,667,50,1,0,0,0,0,5,0,0,5,4,4
740,1818,50,1,0,0,0,0,3,0,3,3,3,3
741,2,50,1,0,4,0,0,0,4,0,2,4,3
742,248,50,0,3,3,0,0,0,0,0,2,3,3
743,390,50,1,0,0,0,0,4,0,0,4,3,3
744,2193,50,0,0,0,0,3,0,0,3,2,2,3
745,1417,50,1,0,0,0,0,4,0,0,4,3,3
746,471,50,1,0,0,0,0,4,0,0,4,3,3
747,113,50,0,0,4,0,4,0,0,0,2,2,2
748,1165,50,0,0,0,0,0,0,0,3,3,2,2
749,1407,50,1,0,0,0,3,3,0,0,4,4,4
750,2894,50,1,0,3,0,0,0,3,0,2,3,2
751,2273,51,1,0,0,0,0,4,3,0,4,2,3
752,2193,51,0,0,0,0,2,0,0,4,2,2,2
753,471,51,1,0,0,0,0,4,0,0,4,3,4
754,248,51,0,2,3,0,4,0,0,0,1,4,1
755,1165,51,0,0,0,0,0,0,0,5,3,1,3
756,2,51,0,0,4,4,0,0,2,0,1,3,1
757,390,51,1,0,0,0,0,5,0,0,5,2,3
758,1417,51,1,0,0,0,0,5,0,0,4,4,3
759,667,51,1,0,0,0,0,4,0,0,4,1,3
760,113,51,0,0,0,2,3,0,0,0,2,2,3
761,1848,51,0,0,0,0,3,0,4,0,3,1,3
762,1818,51,1,0,0,0,0,2,0,3,3,1,3
763,1738,51,1,0,0,0,0,3,0,2,4,3,3
764,1407,51,1,0,0,0,0,4,0,0,4,3,3
765,2894,51,0,0,4,4,0,0,0,0,1,2,3
766,1821,52,1,0,0,0,0,5,0,0,4,5,4
767,3059,52,1,0,0,0,0,0,0,3,3,1,3
768,1279,52,1,0,0,0,0,4,3,0,3,4,3
769,1495,52,1,0,5,0,0,4,0,0,2,1,3
770,1082,52,1,0,0,0,0,4,0,4,4,4,2
771,380,52,0,0,0,5,0,0,1,3,4,1,1
772,484,52,1,0,0,0,0,5,5,0,5,4,2
773,1805,52,0,0,4,4,4,0,0,0,2,1,2
774,948,52,1,0,0,0,0,3,0,3,5,4,3
775,137,52,1,1,1,4,4,1,3,1,4,3,2
776,216,52,1,0,0,0,0,0,4,3,3,3,3
777,2206,52,1,0,0,0,0,5,0,5,5,5,3
778,2353,52,1,0,0,0,0,0,0,5,4,3,4
779,2046,52,0,5,4,0,5,1,0,0,1,2,3
780,1034,52,0,5,0,0,0,0,0,2,3,4,4
781,1805,53,0,0,3,0,5,0,0,0,2,3,1
782,3059,53,0,0,0,0,4,0,0,0,2,2,1
783,1821,53,1,0,0,0,0,5,0,0,5,2,3
784,1034,53,0,0,4,0,3,0,0,0,2,4,1
785,2353,53,1,0,1,0,4,0,0,0,3,3,1
786,2206,53,0,0,0,0,0,0,0,5,3,1,3
787,1082,53,1,0,0,0,0,5,0,0,5,4,5
788,216,53,1,0,0,0,0,4,0,0,5,1,3
789,137,53,0,3,2,0,5,0,0,0,1,4,1
790,484,53,1,0,0,0,0,5,0,0,5,3,3
791,948,53,1,1,0,0,1,0,2,0,1,4,2
792,1279,53,1,0,0,0,0,5,0,0,5,3,3
793,1495,53,1,0,0,0,0,5,0,0,5,1,4
794,380,53,0,0,0,5,3,0,0,0,1,4,1
795,2046,53,0,0,5,0,5,0,0,0,2,4,1
796,2353,54,1,0,0,0,0,3,0,0,4,4,1
797,2046,54,0,0,2,3,4,0,0,0,1,1,1
798,2206,54,1,0,0,0,0,0,0,3,4,1,3
799,137,54,0,0,0,0,4,0,0,0,1,1,2
800,216,54,1,0,0,0,0,0,0,4,5,1,1
801,3059,54,0,0,0,0,4,0,0,0,1,2,4
802,1821,54,0,0,0,3,0,0,0,0,3,1,3
803,1034,54,0,0,0,0,0,0,0,3,3,2,3
804,1279,54,1,0,0,0,0,5,0,0,4,2,3
805,484,54,1,2,0,0,0,4,0,0,4,1,2
806,1082,54,1,0,0,0,0,4,0,0,4,1,2
807,380,54,0,4,0,4,3,0,0,0,2,2,4
808,948,54,1,0,0,0,0,0,0,3,3,2,1
809,1495,54,1,0,0,0,0,4,0,0,4,3,1
810,1805,54,0,0,3,0,4,0,0,0,1,1,3
811,2353,55,1,0,1,0,0,0,0,3,3,2,5
812,484,55,1,0,0,0,0,4,0,0,5,3,4
813,1821,55,1,0,0,0,0,4,0,0,5,4,4
814,1082,55,1,0,0,0,0,0,0,5,3,1,3
815,137,55,1,1,0,0,4,0,0,0,2,2,5
816,1495,55,1,0,0,0,0,2,0,2,4,3,2
817,380,55,1,0,0,3,0,0,2,0,2,2,2
818,1805,55,1,0,0,0,4,0,2,0,2,3,4
819,948,55,0,0,0,0,0,0,0,4,3,1,1
820,3059,55,0,0,0,0,2,0,0,0,3,2,2
821,216,55,1,0,0,0,0,0,0,5,3,1,1
822,1279,55,1,0,0,0,0,4,0,0,4,4,3
823,2206,55,1,0,0,0,0,0,0,2,3,2,2
824,1034,55,1,0,0,0,0,0,0,2,3,2,2
825,2046,55,0,0,0,0,0,0,0,3,2,2,2
826,645,56,1,0,0,0,0,3,0,5,5,1,2
827,1600,56,1,0,0,0,0,0,0,5,3,1,1
828,746,56,0,0,0,0,0,0,0,5,3,1,2
829,2341,56,1,0,0,0,0,0,0,5,4,1,3
830,1628,56,1,0,0,0,0,3,0,0,5,2,2
831,271,56,1,0,0,0,0,0,0,4,3,1,2
832,2963,56,1,0,0,0,0,0,0,5,3,2,3
833,2618,56,1,0,0,0,0,3,0,3,4,3,3
834,1546,56,1,0,0,0,0,0,0,5,3,3,2
835,319,56,0,0,0,5,0,0,0,0,3,1,3
836,2016,56,0,0,0,0,5,0,0,0,1,4,4
837,890,56,1,0,0,0,0,5,0,0,4,3,3
838,1761,56,0,0,0,0,4,0,0,0,2,3,4
839,1438,56,1,0,0,0,0,5,0,0,5,3,4
840,1365,56,1,0,0,0,0,5,0,0,5,3,4
841,2341,57,0,0,0,0,0,3,0,0,5,1,3
842,2963,57,0,0,0,0,0,0,0,5,4,1,1
843,2618,57,0,0,0,0,0,3,0,3,4,1,3
844,1438,57,1,0,0,0,0,5,0,0,5,3,3
845,271,57,1,0,0,0,0,0,0,3,3,2,2
846,1600,57,1,0,0,0,0,0,1,1,3,1,1
847,890,57,0,4,0,2,5,0,0,0,1,4,4
848,319,57,0,0,0,1,0,0,4,0,2,3,2
849,1628,57,0,0,0,0,0,0,0,2,3,1,1
850,1546,57,1,0,2,0,0,1,0,1,3,3,3
851,645,57,1,0,0,0,0,5,0,0,5,4,3
852,746,57,1,0,0,0,0,4,0,0,5,3,3
853,2016,57,0,2,0,0,5,0,0,0,1,4,4
854,1761,57,0,0,0,0,5,0,0,0,1,5,5
855,1365,57,1,0,0,0,0,5,0,0,5,2,2
856,271,58,1,0,0,0,0,0,0,4,2,2,2
857,1546,58,1,0,4,0,0,0,0,0,3,4,3
858,2618,58,1,0,0,0,0,2,0,0,3,2,2
859,1761,58,1,0,0,0,5,0,0,0,4,1,2
860,890,58,1,0,3,0,0,0,0,0,2,2,2
861,2016,58,0,0,0,0,3,0,0,0,2,2,2
862,319,58,0,0,0,5,0,0,0,0,1,3,4
863,746,58,1,0,4,0,0,0,0,0,3,4,4
864,1628,58,1,0,0,0,0,4,0,0,3,3,2
865,1438,58,1,0,0,0,0,5,0,0,3,4,3
866,645,58,1,0,0,0,0,5,0,0,3,4,3
867,1365,58,1,0,0,0,0,4,0,0,4,3,3
868,1600,58,1,0,0,0,0,0,0,3,2,1,2
869,2341,58,1,0,0,0,2,0,0,0,2,2,1
870,2963,58,1,0,0,0,0,4,0,0,4,4,4
871,2016,59,0,0,4,0,4,0,0,0,2,1,2
872,319,59,0,0,0,4,4,0,0,0,1,1,2
873,1761,59,0,0,0,0,4,0,0,0,1,1,2
874,2963,59,1,0,0,0,0,4,0,0,5,2,2
875,746,59,0,0,4,0,0,0,0,0,2,1,2
876,1600,59,1,0,0,0,0,0,0,4,3,3,3
877,1546,59,0,0,4,0,4,0,0,0,3,2,2
878,2341,59,1,0,0,0,0,4,0,0,4,3,4
879,1365,59,1,0,0,0,0,4,0,0,4,3,4
880,645,59,1,0,0,0,0,4,0,0,4,3,4
881,271,59,1,0,0,0,0,0,0,4,3,3,3
882,1438,59,1,0,0,0,0,4,0,0,4,2,4
883,890,59,0,0,0,0,4,0,0,0,2,1,2
884,2618,59,1,0,0,0,0,3,0,0,2,2,2
885,1628,59,1,0,0,0,0,0,0,3,3,3,3
886,99,60,1,0,0,0,0,4,0,0,4,3,4
887,2045,60,1,0,0,0,3,0,0,0,2,1,1
888,2121,60,1,0,0,0,0,4,3,0,4,4,4
889,2408,60,0,0,0,0,0,0,0,5,3,1,1
890,346,60,1,0,0,0,0,4,0,0,4,4,3
891,2583,60,1,0,0,0,0,3,0,0,3,2,1
892,2914,60,1,0,0,0,0,5,0,0,5,5,5
893,2050,60,1,0,0,0,5,0,0,0,1,1,1
894,584,60,1,0,5,0,0,3,0,0,4,3,4
895,1012,60,1,0,0,0,0,4,0,0,4,4,3
896,2723,60,1,0,3,0,0,4,0,0,3,3,4
897,1388,60,1,0,0,0,0,5,0,0,5,4,4
898,1089,60,0,0,0,0,0,0,0,4,3,1,1
899,3037,60,0,4,0,0,3,0,0,0,2,4,3
900,2409,60,1,0,0,0,0,4,0,0,4,4,3
901,3037,61,0,2,0,2,3,0,0,0,2,1,1
902,2723,61,0,0,0,0,0,3,3,0,3,3,3
903,2408,61,0,0,1,0,3,0,0,4,2,1,1
904,346,61,0,4,0,5,3,0,0,0,1,1,1
905,2050,61,0,0,1,0,5,0,0,0,1,1,1
906,2914,61,1,0,0,0,2,5,0,0,4,4,1
907,1089,61,1,0,0,0,0,4,0,0,5,4,2
908,2045,61,0,0,2,0,5,0,0,0,1,1,1
909,1012,61,1,0,0,0,2,0,4,4,3,3,3
910,584,61,1,0,0,0,0,0,5,3,2,2,2
911,1388,61,1,0,0,0,0,5,0,0,2,2,2
912,2583,61,0,0,0,0,0,0,3,3,2,2,2
913,2409,61,1,0,4,0,2,0,3,0,3,2,3
914,99,61,1,0,0,0,0,4,0,0,2,5,4
915,2121,61,1,0,0,0,0,5,4,0,5,5,5
916,1012,62,1,0,0,0,0,1,0,3,3,1,1
917,346,62,0,0,0,4,0,0,0,0,2,2,1
918,3037,62,0,1,0,0,0,0,1,0,2,1,1
919,2583,62,1,0,0,0,0,3,0,0,4,1,1
920,1388,62,1,0,0,0,0,5,0,0,5,2,2
921,2121,62,1,0,1,0,3,3,0,0,3,3,3
922,2408,62,0,2,0,0,4,0,0,0,2,2,2
923,2409,62,1,0,0,0,1,4,0,0,4,2,2
924,99,62,1,0,0,0,0,4,0,0,5,2,1
925,2914,62,1,0,0,0,3,4,0,0,2,2,2
926,1089,62,1,0,0,0,0,0,0,1,3,1,1
927,2050,62,0,0,0,0,0,0,3,0,4,3,2
928,2723,62,1,0,0,0,0,4,0,0,5,1,1
929,2045,62,0,0,0,0,4,0,0,0,1,1,1
930,584,62,1,0,0,0,0,3,0,0,3,1,1
931,2723,63,1,0,0,0,0,0,0,1,4,2,4
932,2408,63,1,0,0,0,0,3,0,3,4,3,2
933,1089,63,1,0,0,0,0,5,0,0,5,3,3
934,2121,63,1,0,0,0,0,4,2,0,5,4,2
935,2409,63,1,0,0,0,0,4,0,0,3,3,2
936,2583,63,1,0,0,0,0,3,3,0,4,2,2
937,346,63,0,0,0,4,0,0,3,0,3,3,3
938,99,63,1,0,0,0,0,5,0,0,5,3,2
939,1012,63,1,0,0,0,0,3,0,4,4,2,2
940,3037,63,1,4,4,4,4,0,0,0,4,4,4
941,2050,63,0,0,5,0,0,0,0,0,1,4,5
942,584,63,1,0,0,0,0,4,0,0,4,3,2
943,1388,63,1,0,0,0,0,4,0,0,5,2,1
944,2914,63,1,0,0,0,0,3,0,0,4,2,1
945,2045,63,0,0,4,0,4,0,0,0,2,4,3
946,1801,64,1,0,0,0,0,0,0,4,4,2,4
947,1538,64,1,0,0,0,0,4,0,0,5,4,4
948,2352,64,1,0,0,0,3,0,0,4,3,2,2
949,750,64,0,0,1,0,0,0,0,3,2,3,2
950,2366,64,0,0,3,0,0,0,0,1,2,2,2
951,2742,64,1,0,0,0,0,3,0,2,4,4,3
952,1055,64,1,0,0,0,0,2,0,1,5,3,3
953,1910,64,1,0,0,0,0,2,0,4,3,2,3
954,250,64,1,0,0,0,0,2,0,4,4,3,4
955,2405,64,1,0,0,0,0,1,0,3,4,2,4
956,880,64,0,0,0,0,3,0,0,0,2,3,2
957,1833,64,0,0,0,0,4,0,0,0,2,3,2
958,1045,64,1,0,0,0,0,3,0,0,4,3,3
959,2024,64,0,0,0,0,4,0,0,0,1,2,2
960,480,64,1,0,0,0,0,3,0,0,5,3,3
961,2358,65,1,0,0,0,0,3,0,0,4,2,1
962,2677,65,0,0,4,0,2,0,0,0,2,4,3
963,925,65,0,0,0,0,0,0,3,3,3,1,1
964,2410,65,1,0,0,0,4,0,0,0,3,1,3
965,2581,65,1,0,0,0,0,4,0,0,4,2,3
966,2792,65,0,0,3,0,3,0,0,0,2,1,4
967,205,65,1,0,0,0,0,3,3,0,4,2,1
968,227,65,0,4,5,0,0,0,0,0,1,5,5
969,2776,65,0,0,0,0,3,0,0,0,3,1,2
970,1751,65,0,0,0,0,4,0,0,0,1,1,3
971,2111,65,1,0,0,0,0,0,0,3,3,1,1
972,2481,65,1,0,0,0,0,0,0,3,3,1,1
973,2998,65,0,0,0,0,5,3,0,0,2,3,4
974,2787,65,0,0,4,0,4,0,0,0,1,2,5
975,880,65,0,4,4,0,4,0,0,0,1,4,5
976,2742,66,0,0,0,0,0,0,0,5,3,3,3
977,2358,66,0,0,0,0,0,0,0,5,3,3,3
978,480,66,1,0,0,0,0,3,0,4,4,1,3
979,2024,66,0,0,0,0,3,0,0,4,2,1,1
980,2581,66,1,0,0,0,0,5,0,0,5,2,3
981,2352,66,1,0,3,0,3,0,0,0,2,1,1
982,250,66,0,0,0,0,0,0,0,5,3,1,1
983,2776,66,0,0,0,0,0,0,0,5,3,1,1
984,750,66,0,0,0,0,0,0,3,0,3,1,1
985,2792,66,0,0,0,0,0,0,0,5,3,1,1
986,227,66,0,1,0,0,0,0,0,4,2,1,4
987,1751,66,1,0,0,0,4,0,0,0,1,1,1
988,2111,66,1,0,0,0,0,0,0,2,3,2,3
989,2998,66,0,0,0,0,4,0,0,0,1,1,1
990,880,66,0,0,0,0,5,0,0,0,1,1,1
991,1751,67,1,0,0,0,4,0,0,0,2,2,2
992,2024,67,1,0,0,0,3,0,0,0,3,1,3
993,2998,67,1,0,0,0,4,0,0,0,2,2,1
994,250,67,0,0,0,0,0,0,0,3,3,1,3
995,2792,67,0,0,0,0,0,0,0,3,3,1,3
996,2581,67,1,0,0,0,0,2,0,0,4,2,3
997,2352,67,1,0,0,0,2,0,0,0,2,1,2
998,480,67,1,0,0,0,0,4,0,0,4,2,3
999,2742,67,1,0,0,0,0,0,0,3,3,1,3
1000,2776,67,1,0,0,0,0,0,0,3,3,1,3
1001,227,67,0,0,2,0,0,0,2,0,3,3,2
1002,750,67,1,0,0,0,2,0,0,0,2,1,3
1003,2358,67,1,0,0,0,0,0,0,3,3,1,3
1004,2111,67,1,0,0,0,0,2,0,0,4,1,3
1005,880,67,1,0,0,0,2,0,0,0,2,1,3
1006,1055,68,1,0,0,0,0,5,0,0,5,2,5
1007,227,68,0,0,5,5,0,0,5,0,1,5,5
1008,2792,68,0,0,0,0,0,0,0,5,3,1,1
1009,2024,68,0,0,0,0,0,0,0,5,3,2,2
1010,2358,68,0,0,3,0,0,0,3,0,3,3,4
1011,2581,68,1,0,0,0,0,5,0,0,5,1,1
1012,480,68,1,0,0,0,0,2,0,3,3,1,1
1013,2742,68,1,0,1,0,0,1,1,0,3,3,3
1014,2998,68,0,0,0,0,2,0,0,0,2,2,2
1015,2776,68,0,0,0,0,0,0,0,5,3,1,1
1016,2111,68,1,0,0,0,0,0,0,3,4,1,1
1017,750,68,1,0,0,0,0,0,0,3,4,2,1
1018,1751,68,0,0,0,4,0,0,0,0,2,2,2
1019,2352,68,1,0,0,0,0,4,1,1,5,1,1
1020,250,68,0,0,0,0,0,0,0,2,3,1,2
1021,1300,69,1,0,0,0,0,3,0,4,2,3,2
1022,2481,69,1,0,0,0,0,0,0,5,1,1,1
1023,2787,69,0,0,0,0,0,0,2,3,3,2,3
1024,2405,69,1,0,0,0,0,5,0,0,5,2,2
1025,925,69,1,0,0,0,0,0,0,5,3,1,4
1026,1538,69,1,0,0,0,0,5,0,0,4,2,2
1027,1833,69,0,0,0,0,3,0,0,0,1,1,1
1028,1045,69,1,0,0,0,0,4,0,0,4,3,1
1029,205,69,1,0,0,0,0,0,0,5,1,1,1
1030,1910,69,0,0,0,0,0,0,5,5,1,1,1
1031,1801,69,0,0,0,0,3,0,0,0,1,1,1
1032,2410,69,0,0,2,0,0,0,0,0,1,1,2
1033,2366,69,0,0,2,0,0,0,0,0,3,1,1
1034,2677,69,0,4,2,1,0,0,0,0,1,4,4
1035,1055,69,1,0,0,0,0,5,0,0,4,3,2
1036,1300,70,1,0,0,0,0,5,0,0,5,1,5
1037,205,70,1,0,2,0,0,0,0,0,3,3,4
1038,1833,70,1,0,0,0,5,0,0,0,1,4,2
1039,1045,70,1,0,0,0,0,2,0,0,4,2,3
1040,1910,70,0,0,3,0,0,0,0,0,4,3,3
1041,2366,70,0,0,1,0,0,0,0,0,2,3,3
1042,1538,70,1,0,0,0,0,0,0,3,4,3,3
1043,925,70,0,4,0,0,0,0,0,0,1,4,4
1044,2481,70,1,0,0,0,0,0,0,4,3,3,3
1045,2677,70,0,0,0,0,4,0,0,0,1,4,4
1046,2410,70,1,0,0,0,0,0,0,2,3,3,3
1047,1801,70,0,2,0,0,0,0,0,0,2,4,2
1048,2787,70,1,0,0,0,3,0,0,0,2,4,4
1049,2405,70,1,0,0,0,0,3,0,1,4,4,4
1050,1055,70,1,0,0,0,0,0,2,0,3,2,2
1051,461,71,1,0,0,0,0,4,0,0,3,1,5
1052,1300,71,1,0,0,0,0,4,0,0,5,1,5
1053,2787,71,1,0,0,0,3,2,0,0,3,3,3
1054,2481,71,0,0,0,0,0,0,0,5,3,3,3
1055,1801,71,0,0,0,0,0,0,0,5,3,3,3
1056,925,71,0,0,0,0,0,0,0,5,3,3,3
1057,1910,71,0,0,3,0,0,0,0,0,3,3,3
1058,1045,71,1,0,0,0,0,2,0,0,3,3,3
1059,2410,71,0,0,2,0,0,0,0,0,3,3,3
1060,2677,71,1,0,3,1,0,0,0,0,3,3,3
1061,1833,71,0,0,0,0,3,0,0,0,3,3,3
1062,2366,71,1,0,0,0,0,0,1,0,3,3,3
1063,205,71,1,1,0,0,0,0,0,0,3,3,3
1064,1538,71,1,0,0,0,0,5,0,0,5,5,5
1065,2405,71,1,0,0,0,0,5,0,0,5,5,5
1066,599,72,1,0,0,0,0,3,0,0,4,2,3
1067,400,72,1,0,0,0,0,2,0,0,4,2,2
1068,1747,72,0,0,0,0,0,0,0,2,3,1,2
1069,1737,72,1,0,0,0,3,0,0,0,2,3,2
1070,2003,72,0,0,1,0,0,0,0,0,3,3,2
1071,1745,72,0,0,0,0,4,0,0,0,1,2,4
1072,6,72,1,0,2,0,0,0,0,0,3,3,3
1073,148,72,0,0,4,4,0,0,4,0,1,4,5
1074,3042,72,0,0,0,0,0,0,2,0,3,2,1
1075,1127,72,1,0,0,0,0,4,0,0,4,3,3
1076,1730,72,1,0,0,0,0,5,0,0,5,3,4
1077,1461,72,1,0,3,0,0,2,0,0,3,4,4
1078,1428,72,1,0,0,0,0,4,0,0,4,3,3
1079,461,72,1,0,0,0,0,1,0,0,4,1,2
1080,1300,72,1,0,0,0,0,4,2,0,5,2,3
1081,2368,73,1,0,0,0,0,0,0,3,4,1,5
1082,1461,73,1,0,0,0,0,0,0,3,4,1,5
1083,1730,73,1,0,0,0,4,0,0,0,5,1,5
1084,6,73,0,0,2,0,0,0,0,0,2,3,3
1085,599,73,1,0,0,0,0,0,0,5,3,1,5
1086,148,73,0,0,0,4,0,0,0,0,1,3,3
1087,1737,73,1,0,0,0,0,4,0,0,4,2,2
1088,1428,73,1,0,0,0,0,0,0,4,3,1,5
1089,3042,73,0,0,0,0,0,0,0,4,3,1,3
1090,1127,73,1,0,0,0,0,5,0,0,5,4,3
1091,400,73,1,0,0,0,0,4,0,0,4,1,5
1092,1745,73,0,0,0,0,0,0,0,5,3,1,5
1093,1747,73,1,0,0,0,0,0,0,3,3,1,5
1094,2003,73,1,0,0,0,0,0,0,4,3,1,5
1095,461,73,0,0,0,0,0,0,0,5,3,1,5
1096,2368,74,1,0,1,0,0,5,0,0,5,2,3
1097,400,74,1,0,0,0,0,5,0,0,5,1,1
1098,1461,74,1,0,2,0,0,5,0,0,5,3,3
1099,148,74,0,0,4,5,0,0,5,0,1,5,4
1100,1127,74,1,0,0,1,0,5,0,0,4,1,1
1101,3042,74,0,0,0,0,2,0,0,0,2,2,2
1102,1737,74,1,0,0,0,0,5,0,0,5,2,3
1103,1745,74,0,0,0,0,4,0,0,0,2,2,2
1104,2003,74,1,2,0,0,4,0,0,0,2,2,4
1105,1730,74,1,0,0,0,0,5,0,0,5,1,5
1106,1747,74,1,0,3,0,2,5,0,0,3,2,2
1107,6,74,1,0,3,0,0,0,5,0,4,3,3
1108,599,74,1,0,1,0,0,5,0,0,4,2,4
1109,1428,74,1,0,0,0,0,5,0,0,5,1,5
1110,461,74,1,0,0,0,0,5,0,0,5,1,1
1111,2368,75,1,0,0,0,0,5,0,0,3,3,3
1112,1730,75,1,0,0,0,0,5,0,0,4,4,4
1113,1127,75,1,0,0,0,0,4,0,0,5,5,5
1114,2003,75,0,0,0,0,3,0,0,0,2,2,2
1115,1745,75,0,0,0,0,4,0,0,0,2,2,2
1116,1737,75,1,0,0,0,0,4,0,0,5,5,5
1117,400,75,1,0,0,0,0,4,0,0,5,5,5
1118,599,75,1,0,0,0,0,0,0,4,5,5,5
1119,148,75,0,0,5,0,0,0,0,0,5,5,5
1120,1461,75,1,0,3,0,0,0,0,0,2,3,4
1121,3042,75,1,5,0,0,0,0,0,0,5,5,5
1122,6,75,0,0,5,0,0,0,0,0,5,4,4
1123,1428,75,1,0,0,0,0,4,0,0,5,5,5
1124,1747,75,1,0,0,0,0,0,0,4,4,3,3
1125,461,75,1,0,0,0,0,5,0,0,4,4,4
1126,732,76,1,0,1,0,0,0,0,0,2,2,1
1127,2306,76,1,0,0,0,0,3,0,0,4,2,3
1128,438,76,0,0,0,1,0,0,0,0,2,2,3
1129,889,76,0,0,0,0,3,0,0,0,2,1,1
1130,2098,76,1,0,0,0,0,3,0,0,4,3,2
1131,1362,76,1,0,0,0,0,4,0,0,5,3,3
1132,2162,76,1,0,0,0,0,2,0,0,4,2,1
1133,2387,76,1,0,0,0,0,2,0,0,4,2,3
1134,1710,76,1,0,0,0,0,4,0,0,5,3,3
1135,1427,76,1,0,0,0,0,5,0,0,5,4,3
1136,381,76,0,0,0,0,3,0,3,0,1,1,3
1137,2161,76,1,0,0,0,0,1,0,0,4,1,3
1138,2259,76,1,0,0,0,0,0,0,4,3,1,3
1139,1802,76,0,0,0,0,0,0,0,4,3,1,3
1140,2368,76,1,0,0,0,0,5,0,0,5,3,3
1141,1007,77,0,0,0,0,3,0,0,0,1,1,1
1142,438,77,1,0,0,0,0,2,0,0,3,2,3
1143,2306,77,0,0,0,0,0,0,0,2,1,1,1
1144,1802,77,0,0,0,0,0,0,0,2,1,1,1
1145,2259,77,0,0,0,0,0,0,0,2,1,1,1
1146,2162,77,1,0,0,0,0,4,0,0,4,4,4
1147,2387,77,0,0,0,0,3,0,0,0,3,3,3
1148,1362,77,1,0,0,0,0,4,0,0,4,5,5
1149,732,77,1,0,3,0,0,0,0,0,4,5,5
1150,889,77,0,0,0,0,3,0,0,0,1,1,1
1151,1710,77,1,0,0,0,0,0,5,0,5,5,5
1152,1427,77,1,0,0,0,0,5,0,0,5,5,5
1153,2098,77,1,0,0,0,0,4,0,0,5,5,5
1154,381,77,0,0,5,0,0,0,0,0,1,5,1
1155,2161,77,1,0,0,0,0,0,5,0,5,5,5
1156,1007,78,1,0,0,0,0,0,0,5,3,3,3
1157,1362,78,1,0,0,0,0,5,0,0,5,5,3
1158,2387,78,1,0,0,0,2,0,0,0,3,1,2
1159,438,78,0,2,0,0,0,0,0,0,3,1,2
1160,2306,78,1,0,0,0,0,2,0,4,4,2,3
1161,381,78,0,0,0,0,4,0,0,0,2,3,1
1162,1427,78,1,0,0,0,0,5,0,0,5,2,3
1163,2162,78,1,0,0,0,0,0,0,3,3,1,3
1164,2161,78,1,0,0,0,0,4,0,0,5,1,3
1165,889,78,0,0,0,0,4,0,0,0,1,1,1
1166,1802,78,1,0,0,0,0,0,0,5,3,1,3
1167,2098,78,1,0,0,0,0,0,0,5,4,1,3
1168,732,78,1,0,0,0,0,4,0,0,4,2,3
1169,2259,78,1,0,0,0,0,0,0,5,3,1,3
1170,1710,78,1,0,0,0,0,5,0,0,5,4,3
1171,1007,79,1,0,0,0,2,0,0,3,3,2,3
1172,381,79,1,3,2,0,4,0,0,0,2,3,5
1173,2162,79,1,0,0,0,0,4,0,3,5,3,3
1174,889,79,1,0,0,0,0,0,0,5,3,3,3
1175,1802,79,1,0,0,0,3,0,0,0,3,1,3
1176,2161,79,1,0,0,0,0,5,0,0,5,3,3
1177,1362,79,1,0,0,0,0,5,0,0,5,4,3
1178,1427,79,1,0,0,0,0,5,0,0,5,4,3
1179,2098,79,1,0,0,0,0,3,0,3,4,2,4
1180,2387,79,1,0,0,0,3,0,0,0,2,2,3
1181,1710,79,1,0,0,0,0,3,0,0,3,3,3
1182,438,79,1,0,0,0,0,3,0,0,4,3,3
1183,732,79,1,0,0,0,0,0,0,3,3,3,3
1184,2306,79,1,0,0,0,0,0,0,3,3,3,3
1185,2259,79,1,0,0,0,0,3,0,0,3,3,3
1186,2684,80,1,0,2,0,0,0,4,0,3,3,2
1187,1980,80,0,0,0,0,4,0,0,0,1,1,1
1188,2135,80,1,0,0,0,0,5,4,0,5,3,4
1189,2114,80,1,0,0,0,0,4,0,0,5,2,3
1190,158,80,0,0,0,4,0,0,0,0,3,2,1
1191,128,80,0,0,0,4,4,0,0,0,1,1,1
1192,62,80,1,0,4,0,0,0,3,0,1,5,1
1193,3032,80,1,0,0,0,0,0,0,5,3,1,3
1194,1254,80,1,0,0,0,0,0,4,0,3,1,3
1195,1513,80,1,0,0,0,0,5,0,0,5,2,5
1196,2323,80,1,0,0,0,0,4,0,0,5,3,3
1197,1979,80,1,0,0,0,3,0,0,0,1,1,1
1198,2985,80,1,0,0,0,5,0,0,0,1,1,1
1199,321,80,0,0,5,0,0,0,0,0,3,4,1
1200,1007,80,1,0,0,0,0,4,4,0,4,2,3
1201,80,81,1,0,2,0,0,3,0,0,4,4,3
1202,2302,81,1,0,0,0,0,2,0,3,3,1,3
1203,739,81,0,0,3,2,4,0,0,0,2,3,3
1204,2839,81,0,0,3,0,2,0,0,0,2,3,3
1205,2654,81,0,2,2,2,4,0,0,0,2,3,3
1206,567,81,1,0,0,0,0,5,3,0,5,4,3
1207,655,81,1,0,0,0,0,5,3,0,5,4,3
1208,2660,81,0,0,3,2,4,0,0,0,2,3,3
1209,2892,81,1,0,4,2,0,3,0,0,3,4,3
1210,2789,81,1,0,3,0,3,0,0,0,3,4,3
1211,1550,81,1,0,0,0,0,5,0,0,5,4,3
1212,2695,81,1,0,2,0,0,3,0,0,4,3,3
1213,2933,81,1,0,3,0,0,3,3,0,3,4,3
1214,1335,81,1,0,0,0,0,5,0,0,5,2,3
1215,1007,81,0,2,0,2,3,2,0,0,2,4,3
1216,2654,82,1,0,0,0,2,0,0,0,3,1,1
1217,2302,82,1,0,0,0,0,2,4,0,4,2,3
1218,128,82,1,0,0,0,4,0,0,0,2,1,2
1219,1335,82,1,0,0,0,0,0,0,4,3,1,1
1220,62,82,1,0,0,0,0,3,4,0,4,3,2
1221,2114,82,1,0,0,0,0,3,2,0,4,2,2
1222,3032,82,0,0,0,0,0,0,0,3,3,1,1
1223,2933,82,1,0,0,0,0,3,4,0,4,2,2
1224,1254,82,1,0,0,0,0,4,0,0,4,2,2
1225,2985,82,1,0,0,0,4,0,0,0,1,1,2
1226,739,82,1,0,3,0,3,0,0,0,2,1,2
1227,2660,82,1,0,0,0,4,0,0,0,1,2,2
1228,567,82,1,0,0,0,0,3,3,0,4,2,3
1229,2892,82,1,0,0,0,0,5,0,0,5,3,3
1230,2695,82,1,0,0,3,0,0,0,0,2,1,2
1231,1254,83,0,0,0,0,0,1,0,4,3,4,2
1232,567,83,1,0,0,0,0,3,0,5,1,1,1
1233,128,83,0,0,2,3,0,0,0,0,2,5,1
1234,62,83,0,0,5,0,0,0,0,0,2,2,5
1235,3032,83,1,0,5,0,4,0,0,0,1,1,1
1236,2985,83,0,0,0,0,5,0,0,0,1,1,1
1237,2302,83,1,0,0,0,0,0,0,5,1,1,1
1238,2933,83,1,4,0,0,0,0,0,0,3,4,4
1239,1335,83,1,0,0,0,0,5,3,2,2,4,1
1240,2660,83,1,0,0,0,4,0,0,0,1,1,1
1241,2114,83,1,0,0,0,0,5,0,3,1,3,1
1242,2654,83,1,0,0,0,4,0,0,0,2,1,1
1243,2892,83,1,0,2,0,0,0,0,5,4,1,5
1244,739,83,1,0,0,0,0,0,0,4,2,1,1
1245,2695,83,1,0,0,0,0,0,0,5,1,1,1
1246,62,84,1,0,0,0,0,4,0,0,5,4,2
1247,2933,84,1,0,0,0,0,5,0,0,5,5,3
1248,2892,84,1,0,0,0,0,4,0,0,4,3,3
1249,739,84,0,0,4,0,0,0,0,0,2,2,2
1250,1335,84,1,0,0,0,0,0,0,4,3,2,3
1251,2660,84,1,0,4,0,0,0,0,0,3,1,1
1252,2114,84,1,0,0,0,0,5,4,0,3,4,3
1253,567,84,1,0,0,0,0,5,0,4,4,4,3
1254,2654,84,1,0,0,0,0,0,0,5,3,3,3
1255,3032,84,0,4,0,4,0,0,0,0,1,1,1
1256,2985,84,1,0,0,0,0,0,0,5,2,1,3
1257,2302,84,1,0,0,0,0,5,0,0,4,3,3
1258,1254,84,0,0,0,0,0,0,0,5,3,2,3
1259,2695,84,1,0,2,0,0,0,0,0,3,3,3
1260,128,84,0,0,0,0,5,0,0,0,1,1,3
1261,954,85,1,0,0,3,0,0,3,0,2,1,1
1262,174,85,1,0,0,0,0,4,0,0,4,1,1
1263,2789,85,1,0,2,0,0,0,0,0,3,2,1
1264,1980,85,1,0,0,0,5,0,0,0,1,3,3
1265,1979,85,1,0,0,0,5,0,0,0,1,3,3
1266,2684,85,1,0,1,0,0,0,3,0,3,2,1
1267,2135,85,1,0,0,0,0,5,0,0,5,1,2
1268,1513,85,1,0,0,0,0,4,4,0,5,3,3
1269,321,85,1,0,3,1,0,0,0,0,2,3,2
1270,158,85,0,0,2,0,0,0,0,0,2,3,2
1271,2839,85,1,0,0,0,0,0,0,5,3,1,1
1272,2323,85,1,0,0,0,0,2,2,0,4,2,1
1273,1550,85,1,0,0,0,0,4,0,0,4,1,1
1274,655,85,1,0,0,0,0,4,0,0,4,1,1
1275,80,85,0,0,0,0,0,4,0,0,4,2,1
1276,1521,86,1,0,0,0,0,0,0,5,4,3,4
1277,2559,86,0,0,0,0,0,0,2,0,3,2,3
1278,655,86,1,0,0,0,0,0,0,3,4,1,4
1279,1513,86,1,0,0,0,0,1,0,0,3,2,2
1280,321,86,0,0,3,0,0,0,0,0,2,2,2
1281,1979,86,0,0,0,0,2,0,0,0,2,1,2
1282,2684,86,0,0,0,0,0,0,1,0,3,1,2
1283,2135,86,0,0,0,0,0,0,0,2,3,1,1
1284,2789,86,1,0,0,0,0,3,0,0,3,1,3
1285,80,86,0,0,0,1,0,0,0,0,3,1,4
1286,1550,86,1,0,0,0,0,2,2,0,2,3,3
1287,158,86,0,0,0,1,0,0,0,0,2,1,4
1288,1980,86,1,0,0,0,3,0,0,0,3,1,4
1289,2323,86,0,0,0,0,0,0,0,5,3,1,3
1290,2839,86,0,0,0,0,0,0,0,5,3,2,4
1291,1521,87,1,0,0,0,0,0,4,0,4,4,3
1292,954,87,1,4,0,5,4,0,0,0,2,5,5
1293,2684,87,1,0,4,0,0,0,2,0,3,4,4
1294,655,87,1,0,0,0,0,5,0,0,5,3,5
1295,2323,87,1,0,0,0,0,5,4,0,5,2,3
1296,1979,87,0,0,0,0,5,0,0,0,2,2,4
1297,2789,87,1,0,0,0,0,0,0,5,3,1,1
1298,1980,87,1,0,0,0,0,0,0,3,3,3,2
1299,2135,87,1,0,0,0,0,5,0,0,5,4,4
1300,2839,87,1,0,0,0,0,0,3,0,3,4,4
1301,1550,87,1,0,0,0,0,4,4,0,3,3,3
1302,158,87,1,0,4,2,0,0,0,0,2,5,3
1303,321,87,1,0,5,0,0,0,0,0,2,5,4
1304,1513,87,1,0,0,0,0,4,0,0,4,1,3
1305,80,87,0,0,0,0,0,0,0,1,3,2,3
1306,347,88,0,0,0,0,3,0,5,0,2,1,3
1307,738,88,1,0,0,0,0,3,3,0,4,2,3
1308,278,88,0,0,4,0,0,0,3,0,3,1,3
1309,1502,88,1,0,0,0,0,3,2,0,4,3,3
1310,2734,88,1,0,0,0,0,4,3,0,5,4,3
1311,1840,88,0,0,0,0,0,0,0,5,3,1,3
1312,1780,88,0,0,0,0,4,0,0,0,2,1,3
1313,1146,88,0,0,0,0,0,0,0,5,3,1,3
1314,1091,88,1,0,0,0,0,4,2,0,5,3,3
1315,1984,88,0,0,2,0,4,0,1,0,1,2,3
1316,3009,88,0,1,0,0,2,0,1,0,1,3,3
1317,174,88,0,0,0,0,0,0,0,5,3,1,3
1318,2559,88,0,0,0,0,0,0,0,5,3,1,3
1319,1521,88,1,0,0,0,0,3,3,0,5,2,3
1320,954,88,0,4,0,4,3,0,0,0,1,4,3
1321,1146,89,1,0,0,0,0,2,0,0,3,2,3
1322,1840,89,0,1,0,0,0,0,0,0,2,2,3
1323,1502,89,1,0,0,0,0,3,0,0,4,2,3
1324,1091,89,1,0,0,0,0,3,0,0,5,3,4
1325,3009,89,0,0,0,0,4,0,0,0,1,4,4
1326,347,89,0,0,0,0,5,0,0,0,1,4,3
1327,1780,89,0,0,0,0,5,0,0,0,1,2,3
1328,278,89,0,0,3,0,0,0,0,0,2,2,3
1329,738,89,1,0,0,0,0,0,2,0,3,2,3
1330,2734,89,1,0,0,0,0,0,0,1,3,3,3
1331,1984,89,0,0,0,0,4,0,0,0,2,3,3
1332,174,89,1,0,0,0,0,2,0,0,4,3,3
1333,2559,89,1,0,0,0,0,0,0,3,3,3,3
1334,954,89,0,4,0,0,0,0,0,0,1,4,3
1335,1521,89,1,0,0,0,0,2,0,0,4,3,4
1336,459,90,0,0,0,0,0,0,0,5,3,1,3
1337,60,90,1,0,0,0,0,3,0,0,5,2,1
1338,1984,90,0,0,0,0,1,0,0,0,3,1,1
1339,278,90,1,0,0,0,0,0,1,4,3,1,1
1340,347,90,0,0,0,0,2,0,4,0,2,1,2
1341,1840,90,1,0,0,0,0,0,0,5,3,1,1
1342,1780,90,0,0,0,0,0,0,0,2,3,1,1
1343,1146,90,0,0,0,5,0,0,0,0,1,1,5
1344,2734,90,1,0,0,0,0,1,0,0,3,1,1
1345,1502,90,0,0,0,0,0,0,0,1,3,1,1
1346,1091,90,1,0,0,0,0,5,0,0,5,3,1
1347,3009,90,0,1,0,0,0,0,0,0,3,1,1
1348,738,90,0,0,0,0,0,0,0,5,3,1,1
1349,2559,90,1,0,5,0,0,0,0,0,3,1,1
1350,174,90,0,0,0,5,0,0,0,0,3,1,1
1351,2755,91,0,0,0,0,0,0,5,0,1,1,1
1352,1311,91,0,0,0,0,0,0,0,5,3,1,3
1353,60,91,1,0,0,0,0,4,0,0,4,3,3
1354,459,91,0,0,0,0,0,0,0,5,3,1,3
1355,2734,91,1,0,0,0,0,5,0,0,5,4,2
1356,1091,91,1,0,0,0,0,0,0,5,4,2,3
1357,278,91,1,0,4,0,0,0,0,0,4,3,1
1358,1146,91,1,0,0,0,0,0,0,4,4,1,3
1359,3009,91,1,0,0,0,4,0,0,0,2,3,1
1360,1780,91,0,0,0,0,4,0,0,0,2,1,2
1361,738,91,1,0,0,0,0,0,3,0,3,2,3
1362,1984,91,1,0,0,0,0,0,3,0,2,2,2
1363,1502,91,1,0,0,0,0,4,0,0,4,3,4
1364,347,91,0,0,0,0,0,0,5,0,1,4,1
1365,1840,91,0,0,0,0,4,0,0,0,2,3,2
1366,474,92,1,0,0,0,0,0,0,1,3,1,3
1367,996,92,0,0,0,0,0,0,0,5,3,1,3
1368,1223,92,1,0,0,0,0,0,0,3,3,1,3
1369,749,92,0,0,0,0,0,0,0,5,3,1,3
1370,1312,92,0,0,0,0,0,0,0,5,3,1,3
1371,1778,92,0,0,0,0,0,0,0,5,3,1,3
1372,524,92,0,0,0,0,0,0,0,5,3,1,3
1373,993,92,0,0,0,0,0,0,0,5,3,1,3
1374,1395,92,0,0,0,0,0,0,0,1,3,1,3
1375,1038,92,0,0,0,0,0,0,0,5,3,1,3
1376,2844,92,0,0,0,0,0,0,0,5,3,1,3
1377,1311,92,0,0,0,0,0,0,0,5,3,1,3
1378,2755,92,0,0,0,0,0,0,0,3,3,1,3
1379,60,92,0,0,0,0,0,0,0,3,3,1,3
1380,459,92,0,0,0,0,0,0,0,5,3,1,3
1381,474,93,1,0,0,0,0,5,0,0,4,3,3
1382,749,93,0,0,0,0,0,0,0,3,2,1,3
1383,996,93,0,0,0,0,0,0,0,3,3,2,3
1384,993,93,1,0,0,0,0,0,3,0,4,4,3
1385,1312,93,1,0,0,0,0,5,0,0,4,4,3
1386,1778,93,0,0,0,0,3,0,0,0,2,2,3
1387,524,93,1,0,0,0,0,5,0,0,5,4,3
1388,2844,93,1,0,2,0,0,0,0,0,2,2,3
1389,1223,93,1,0,0,0,0,0,0,4,4,3,3
1390,1395,93,1,0,0,0,0,5,0,0,5,5,3
1391,1038,93,0,0,0,0,0,0,4,0,3,4,3
1392,2755,93,0,0,0,0,0,0,4,0,2,2,3
1393,1311,93,0,0,0,0,0,4,0,0,4,3,3
1394,60,93,1,0,0,0,0,4,0,0,5,4,3
1395,459,93,1,0,0,0,0,2,0,0,4,2,3
1396,2396,94,0,0,0,0,0,0,0,3,4,2,5
1397,407,94,1,0,0,0,0,4,3,0,4,4,3
1398,1038,94,1,0,1,0,0,0,3,0,2,3,2
1399,1778,94,0,0,0,0,0,0,0,3,2,1,4
1400,1312,94,1,0,0,0,0,2,0,0,4,2,5
1401,474,94,1,0,0,0,0,3,0,0,5,3,4
1402,993,94,0,0,1,0,0,0,4,0,2,3,4
1403,1223,94,1,0,0,0,0,0,0,4,3,1,5
1404,749,94,0,0,1,1,0,0,2,0,3,2,4
1405,2844,94,0,0,0,0,0,0,0,3,2,1,5
1406,1395,94,1,0,0,0,0,4,1,0,5,4,3
1407,996,94,0,0,0,0,2,0,0,0,4,2,5
1408,524,94,0,0,0,0,0,0,0,3,3,1,5
1409,1311,94,1,0,0,1,0,2,0,0,4,2,5
1410,2755,94,1,0,0,3,0,0,2,0,4,4,2
1411,55,95,1,0,0,0,0,3,2,0,3,2,2
1412,1013,95,0,0,0,0,3,0,0,0,2,2,2
1413,1312,95,1,0,0,0,0,0,0,4,3,1,1
1414,1778,95,1,0,0,0,0,0,0,4,2,1,3
1415,993,95,1,0,0,0,0,0,2,0,3,1,2
1416,749,95,1,0,1,0,3,0,0,0,2,2,3
1417,474,95,1,0,0,0,0,3,0,0,4,1,2
1418,1395,95,1,0,0,0,0,4,0,0,2,3,3
1419,524,95,1,0,0,0,0,0,0,4,3,1,1
1420,1223,95,1,0,0,0,0,1,0,2,4,1,1
1421,1038,95,0,0,0,1,0,0,4,0,3,2,4
1422,2844,95,0,0,0,0,0,0,0,4,3,1,1
1423,996,95,0,0,0,0,0,0,0,5,3,1,1
1424,1311,95,0,0,0,0,0,0,0,5,3,1,1
1425,2755,95,0,0,2,1,4,0,0,0,1,3,3
1426,2745,96,1,0,0,0,0,0,2,0,3,3,2
1427,2347,96,1,0,0,0,0,0,0,3,3,2,2
1428,2396,96,1,0,0,0,1,0,0,0,3,2,2
1429,407,96,1,0,0,0,0,3,0,0,3,3,3
1430,996,96,1,0,0,0,0,0,0,3,3,2,2
1431,993,96,1,0,2,0,0,0,0,0,3,3,3
1432,2844,96,1,0,0,0,0,0,0,2,3,3,3
1433,749,96,1,0,3,0,0,0,0,0,2,3,3
1434,524,96,1,0,0,0,0,3,3,0,3,3,3
1435,1312,96,1,0,0,0,0,4,0,0,3,3,3
1436,1778,96,1,0,0,0,4,0,0,0,2,2,4
1437,1395,96,1,0,0,0,0,4,0,0,4,3,3
1438,1223,96,1,0,0,0,0,4,0,0,4,3,3
1439,1038,96,1,0,3,0,3,0,0,0,2,3,3
1440,474,96,1,0,0,0,0,4,0,0,4,3,3
1441,426,97,1,0,0,0,0,4,0,0,4,4,1
1442,611,97,1,0,0,0,0,4,4,0,3,3,3
1443,1838,97,1,0,0,0,0,0,0,3,3,3,3
1444,3054,97,1,0,0,0,2,4,4,0,3,3,3
1445,1273,97,1,0,1,0,0,5,0,0,3,3,3
1446,2416,97,1,0,0,0,4,3,0,3,3,3,3
1447,559,97,1,0,0,0,0,3,3,0,3,3,3
1448,498,97,1,0,0,0,0,5,3,0,3,3,3
1449,612,97,1,0,0,0,0,3,0,0,3,3,3
1450,2347,97,1,0,0,0,0,0,0,3,3,3,3
1451,2745,97,1,1,0,0,0,0,0,3,3,3,3
1452,1013,97,0,3,0,0,3,0,0,0,3,3,3
1453,55,97,1,0,0,0,0,2,0,4,3,3,3
1454,407,97,1,0,1,0,0,3,0,0,3,3,3
1455,2396,97,1,0,0,0,3,0,0,0,3,3,3
1456,559,98,1,0,0,0,0,0,0,1,3,3,3
1457,2416,98,0,0,0,0,0,0,0,1,1,1,1
1458,1273,98,1,0,0,0,0,1,0,0,4,4,4
1459,611,98,1,0,0,0,0,1,0,0,4,4,4
1460,1838,98,0,0,0,0,0,0,1,0,1,1,1
1461,612,98,1,0,0,0,0,1,0,0,4,4,4
1462,426,98,1,0,0,0,0,1,0,0,4,4,4
1463,498,98,1,0,0,0,0,1,0,0,4,4,4
1464,3054,98,1,0,0,0,0,1,0,0,4,4,4
1465,2347,98,1,0,0,0,0,1,0,0,4,4,4
1466,55,98,0,0,0,0,0,0,0,1,1,1,1
1467,1013,98,0,0,0,0,0,0,0,1,1,1,1
1468,2745,98,0,0,0,0,0,0,0,1,1,1,1
1469,2396,98,1,0,0,0,0,0,1,0,1,1,1
1470,407,98,1,0,0,0,1,0,0,0,1,1,1
1471,1612,99,0,0,0,0,0,0,0,5,4,5,4
1472,598,99,1,0,0,0,0,4,0,0,4,4,4
1473,426,99,1,0,0,0,0,0,5,0,4,4,4
1474,612,99,1,0,0,0,0,0,0,4,4,4,4
1475,611,99,1,0,4,0,0,0,0,0,4,4,4
1476,3054,99,1,0,0,0,4,0,0,0,4,4,4
1477,498,99,1,5,0,0,0,0,0,0,4,4,4
1478,1838,99,0,0,5,0,0,0,0,0,4,4,4
1479,559,99,1,0,5,0,0,0,0,0,4,4,4
1480,1273,99,0,5,0,0,0,0,0,0,4,4,4
1481,2416,99,1,0,0,0,5,0,0,0,4,4,4
1482,2745,99,0,0,0,5,0,0,0,0,4,4,4
1483,55,99,1,0,0,0,0,5,0,0,4,4,4
1484,2347,99,1,0,5,0,0,0,0,0,4,4,4
1485,1013,99,1,5,0,0,0,0,0,0,4,4,4
1486,2087,100,0,0,0,0,5,0,0,0,2,1,1
1487,2448,100,1,0,0,0,0,5,0,0,5,1,2
1488,2367,100,1,0,0,0,0,0,0,1,3,1,1
1489,215,100,1,0,0,0,0,5,0,0,5,1,3
1490,598,100,1,0,0,0,0,5,0,0,5,1,3
1491,1612,100,0,0,0,0,0,0,0,1,3,1,1
1492,426,100,1,0,0,0,0,5,0,0,5,4,3
1493,559,100,1,0,0,0,0,4,0,0,3,1,2
1494,498,100,1,0,0,0,0,4,0,0,3,1,3
1495,612,100,1,0,0,0,0,5,0,0,4,1,4
1496,2416,100,1,0,0,0,5,0,0,0,2,1,2
1497,1273,100,1,0,0,0,0,5,0,0,5,2,3
1498,1838,100,0,0,0,0,0,0,4,0,1,1,1
1499,3054,100,1,0,0,0,0,5,0,0,5,1,3
1500,611,100,1,0,0,0,0,4,0,0,4,2,2
1501,766,101,0,0,0,0,2,0,0,0,1,1,1
1502,534,101,1,0,0,0,0,0,2,0,1,1,1
1503,675,101,0,0,0,0,0,0,0,2,1,1,1
1504,2159,101,1,0,0,0,0,3,3,0,2,2,3
1505,379,101,0,0,5,0,5,0,0,0,3,3,3
1506,1642,101,1,0,0,0,0,4,4,0,3,2,3
1507,2482,101,1,3,0,0,0,4,0,0,3,3,3
1508,2095,101,1,0,0,0,0,5,5,0,3,4,5
1509,94,101,0,0,3,0,3,0,0,0,3,3,3
1510,2367,101,0,0,3,0,0,0,3,0,3,3,3
1511,2448,101,0,0,0,0,0,0,0,3,3,2,1
1512,2087,101,1,0,0,0,0,5,5,0,3,4,4
1513,215,101,1,0,4,0,0,0,4,0,3,4,4
1514,1612,101,0,0,0,0,0,0,5,0,2,1,1
1515,598,101,1,0,0,0,0,5,5,0,4,4,4
1516,2159,102,1,0,0,0,0,4,0,0,5,3,4
1517,2482,102,1,0,0,0,0,0,0,3,4,1,4
1518,379,102,0,0,4,0,0,0,0,0,1,1,1
1519,534,102,1,0,0,0,0,0,0,3,5,1,2
1520,2095,102,1,0,0,0,0,4,0,0,5,3,5
1521,766,102,1,0,0,0,0,0,0,4,3,2,1
1522,1642,102,1,0,0,0,0,4,0,0,4,3,3
1523,94,102,0,0,0,0,4,0,0,0,3,3,3
1524,675,102,1,0,0,0,0,4,0,0,5,1,5
1525,2448,102,1,0,0,0,0,0,4,0,3,3,3
1526,215,102,1,0,0,0,0,0,0,4,3,3,3
1527,2087,102,1,0,0,0,0,0,0,4,3,3,3
1528,2367,102,1,0,0,0,0,0,0,4,3,3,3
1529,598,102,1,0,0,0,0,4,0,0,5,1,1
1530,1612,102,1,0,0,0,0,0,0,4,3,1,1
1531,2143,103,1,0,0,0,0,4,0,0,1,2,3
1532,1681,103,1,0,0,0,0,5,0,0,4,3,4
1533,675,103,1,0,0,0,0,0,0,3,3,3,3
1534,766,103,0,0,0,0,0,0,0,3,2,2,2
1535,534,103,0,0,0,0,0,0,0,3,2,1,1
1536,1642,103,1,0,0,0,0,4,0,0,4,5,4
1537,2159,103,1,0,0,0,0,5,0,0,5,5,5
1538,94,103,1,0,0,0,0,0,0,3,3,3,3
1539,379,103,1,0,0,0,0,0,0,2,2,2,2
1540,2482,103,0,0,0,0,2,0,0,0,2,1,1
1541,2095,103,1,0,0,0,0,5,0,0,5,5,5
1542,2367,103,1,0,0,0,0,0,3,0,3,3,3
1543,2448,103,1,0,0,0,0,4,0,0,4,4,4
1544,215,103,1,0,0,0,0,0,0,3,2,3,3
1545,2087,103,1,0,0,0,0,0,3,0,3,3,3
1546,231,104,0,1,0,0,0,0,0,0,1,5,1
1547,1812,104,1,0,0,0,0,0,0,1,4,4,4
1548,95,104,1,0,0,0,1,0,0,0,2,2,2
1549,769,104,1,0,0,1,0,0,0,0,1,1,1
1550,1681,104,0,0,0,0,0,0,0,1,3,3,3
1551,2143,104,1,0,0,0,0,2,0,0,5,5,5
1552,1642,104,1,0,0,0,0,5,0,0,5,3,3
1553,2159,104,1,0,0,0,0,5,0,0,3,3,3
1554,379,104,0,0,5,0,0,0,0,0,1,1,1
1555,766,104,0,0,0,0,0,0,0,5,1,1,1
1556,94,104,0,0,0,0,0,0,0,5,1,1,1
1557,2095,104,1,0,0,0,0,5,0,0,5,5,5
1558,2482,104,0,5,0,0,0,0,0,0,1,1,1
1559,534,104,0,0,0,0,0,0,0,5,1,1,1
1560,675,104,1,0,0,0,0,0,0,5,1,1,1
1561,2406,105,1,0,0,0,1,0,0,0,2,2,2
1562,25,105,0,0,1,0,0,0,0,0,1,1,1
1563,2521,105,1,0,0,0,0,0,0,1,1,1,1
1564,556,105,1,0,0,0,0,1,0,0,1,1,1
1565,1681,105,1,0,0,0,0,1,0,0,1,1,1
1566,2143,105,1,0,0,0,0,0,1,0,1,1,1
1567,94,105,1,0,0,0,0,0,0,1,1,1,1
1568,2482,105,1,0,0,0,0,0,0,1,1,1,1
1569,534,105,1,0,0,0,0,0,0,1,1,1,1
1570,379,105,0,0,1,0,0,0,0,0,1,1,1
1571,1642,105,1,0,0,0,0,0,1,0,1,1,1
1572,2095,105,1,0,0,0,0,1,0,0,1,1,1
1573,675,105,1,0,0,0,0,0,0,1,1,1,1
1574,766,105,0,0,0,0,1,0,0,0,1,1,1
1575,2159,105,1,0,0,0,0,1,0,0,1,1,1
1576,2238,106,1,0,0,0,0,4,0,0,4,4,4
1577,2287,106,1,0,0,0,0,5,0,0,5,3,4
1578,93,106,0,0,0,0,3,0,0,0,4,2,3
1579,692,106,1,0,0,0,0,0,0,3,5,2,4
1580,2143,106,1,0,0,0,0,0,0,4,4,2,4
1581,1681,106,0,0,0,0,4,0,0,0,1,1,1
1582,766,106,0,0,0,0,1,0,0,0,2,1,1
1583,2095,106,1,0,0,0,0,4,0,0,4,3,5
1584,2159,106,1,0,4,0,0,0,0,0,4,4,4
1585,534,106,0,0,0,0,5,0,0,0,4,3,4
1586,675,106,0,0,0,0,0,0,0,3,3,3,3
1587,2482,106,0,4,0,0,0,0,0,0,4,4,4
1588,1642,106,1,0,0,0,0,0,4,0,4,4,4
1589,379,106,0,0,5,0,0,0,0,0,5,5,5
1590,94,106,0,0,0,0,5,0,0,0,5,5,5
1591,169,107,1,3,0,0,0,0,0,0,3,3,1
1592,1496,107,1,0,0,0,3,0,0,0,4,4,4
1593,2951,107,1,0,0,0,0,3,0,0,3,3,3
1594,2287,107,1,0,0,0,0,4,0,0,3,3,3
1595,556,107,1,0,0,0,0,0,3,0,2,1,2
1596,769,107,1,0,0,0,0,0,0,2,1,1,1
1597,93,107,1,0,0,0,0,3,0,0,2,2,2
1598,2521,107,1,0,0,0,0,0,3,0,1,1,1
1599,1812,107,1,0,2,0,0,0,0,0,4,3,4
1600,231,107,1,0,4,0,0,0,0,0,3,3,3
1601,2238,107,1,0,0,0,0,5,0,0,5,5,5
1602,95,107,1,0,0,0,2,0,0,0,1,1,1
1603,2406,107,1,0,0,0,0,0,0,2,1,1,1
1604,25,107,1,0,0,0,0,0,0,2,1,2,2
1605,692,107,1,0,0,0,0,4,0,0,5,5,5
1606,2951,108,1,0,0,0,0,0,0,3,4,2,3
1607,1496,108,1,0,0,0,0,0,3,0,3,2,4
1608,169,108,0,0,4,0,0,0,0,0,1,4,5
1609,2238,108,1,0,0,0,0,4,0,0,4,4,4
1610,1812,108,1,0,0,0,0,0,0,3,3,2,3
1611,25,108,1,0,4,0,0,0,0,0,2,4,4
1612,2406,108,1,0,0,0,0,4,0,0,4,3,4
1613,2521,108,1,0,0,0,0,0,0,2,3,1,3
1614,556,108,1,0,0,0,0,4,0,0,4,3,4
1615,2287,108,1,0,0,0,0,4,0,0,4,3,4
1616,692,108,1,0,0,0,0,0,4,0,4,4,4
1617,93,108,1,0,0,0,0,0,0,3,5,2,4
1618,769,108,1,0,0,0,4,0,0,0,2,2,2
1619,231,108,0,5,0,0,0,0,0,0,1,5,5
1620,95,108,0,0,0,0,5,0,0,0,2,4,4
1621,169,109,0,0,0,0,0,0,0,1,1,2,2
1622,1496,109,0,0,1,0,0,0,0,0,2,2,2
1623,2951,109,1,0,0,0,0,0,0,1,1,1,2
1624,692,109,1,0,0,0,0,0,0,1,2,1,2
1625,95,109,0,0,0,0,2,0,0,0,3,2,2
1626,2287,109,1,0,0,0,0,3,0,0,2,1,3
1627,2521,109,1,0,0,0,0,2,0,0,2,2,2
1628,769,109,0,1,0,0,0,0,0,0,3,4,4
1629,93,109,0,0,1,0,0,0,0,0,2,3,3
1630,1812,109,0,0,0,0,1,0,0,0,2,3,2
1631,2406,109,0,0,1,0,0,0,0,0,2,3,2
1632,556,109,1,0,0,0,0,0,0,1,2,2,2
1633,25,109,0,0,0,0,1,0,0,0,2,2,2
1634,231,109,0,2,0,0,0,0,0,0,3,3,3
1635,2238,109,1,0,0,0,0,2,0,0,2,2,2
1636,1940,110,0,0,0,0,3,0,0,0,2,1,1
1637,2372,110,1,0,0,0,0,4,0,0,3,1,1
1638,2370,110,0,0,0,0,0,0,0,2,2,1,2
1639,2895,110,0,0,0,4,0,0,0,0,3,3,2
1640,644,110,1,0,0,0,0,3,0,0,3,2,2
1641,481,110,1,0,0,0,0,0,0,3,3,1,2
1642,953,110,0,0,2,0,0,0,0,0,2,2,3
1643,1891,110,0,0,3,0,0,0,0,0,2,3,3
1644,2315,110,0,0,0,0,2,0,0,0,2,2,3
1645,1869,110,0,0,0,0,3,0,0,0,2,2,3
1646,2955,110,0,0,0,0,0,0,2,0,1,2,3
1647,2811,110,0,0,0,0,2,0,0,0,2,2,3
1648,2951,110,1,0,0,0,0,0,2,0,3,2,2
1649,169,110,0,0,0,0,3,0,0,0,1,4,3
1650,1496,110,0,0,0,0,3,0,0,0,1,4,3
1651,2476,111,0,0,0,2,0,0,0,0,3,2,2
1652,991,111,1,0,0,0,0,0,0,3,3,3,3
1653,2661,111,1,0,0,0,0,4,0,0,4,1,4
1654,2315,111,1,0,0,0,0,2,0,0,3,2,3
1655,481,111,1,0,0,0,0,2,1,0,4,2,4
1656,2895,111,1,0,3,0,0,0,2,0,3,4,2
1657,2370,111,0,0,1,0,0,0,0,0,2,3,2
1658,644,111,1,0,0,0,0,2,1,0,4,2,2
1659,1869,111,0,0,0,2,0,0,0,0,2,3,3
1660,1891,111,0,0,1,0,0,0,1,0,2,4,2
1661,2955,111,0,0,0,0,1,0,0,0,2,2,2
1662,1940,111,0,0,2,0,0,0,1,0,3,4,2
1663,953,111,1,0,0,0,0,0,2,0,3,3,2
1664,2372,111,1,0,0,0,0,3,0,0,4,2,2
1665,2811,111,0,0,3,0,1,0,0,0,2,3,3
1666,991,112,0,3,0,2,4,0,0,0,1,1,2
1667,2476,112,0,0,1,3,1,0,0,0,1,2,2
1668,2661,112,1,0,2,0,0,2,2,0,3,2,1
1669,1940,112,1,0,0,0,3,0,0,0,2,1,3
1670,2895,112,1,0,3,0,0,0,2,0,4,3,3
1671,644,112,1,0,0,0,0,5,3,0,2,4,2
1672,953,112,1,0,2,0,2,0,0,0,4,2,4
1673,1869,112,0,0,0,2,3,0,0,0,2,2,1
1674,481,112,1,0,0,0,0,4,3,0,3,4,2
1675,2811,112,0,0,1,0,2,0,1,0,2,1,3
1676,2955,112,0,0,3,2,2,0,0,0,1,3,3
1677,1891,112,1,0,0,0,0,4,0,0,4,3,2
1678,2315,112,0,1,0,0,0,2,1,0,3,2,4
1679,2372,112,1,0,0,0,0,4,0,0,4,4,3
1680,2370,112,1,0,0,0,0,2,2,0,4,2,3
1681,2661,113,1,0,3,1,0,2,0,5,3,2,3
1682,2476,113,0,1,4,4,0,0,0,0,2,3,2
1683,991,113,0,0,0,0,0,0,0,5,3,4,2
1684,2955,113,1,0,4,2,0,0,1,0,3,4,3
1685,2895,113,1,0,0,0,0,0,1,3,4,2,3
1686,2372,113,1,0,0,0,0,4,1,0,5,2,3
1687,1940,113,1,0,0,0,0,0,0,5,3,3,4
1688,644,113,1,0,0,0,0,3,0,3,5,1,3
1689,481,113,1,0,0,0,0,4,0,2,4,2,4
1690,2315,113,1,0,0,0,0,3,1,2,4,3,2
1691,953,113,1,0,2,0,0,0,2,2,3,3,1
1692,2370,113,1,0,0,0,0,3,0,2,4,2,3
1693,2811,113,0,0,0,0,0,0,0,4,3,3,3
1694,1869,113,1,0,2,2,0,0,0,0,3,4,2
1695,1891,113,0,0,3,2,0,0,0,0,2,4,2
1696,2258,114,1,0,0,0,0,0,1,3,3,1,5
1697,2291,114,0,1,0,1,0,0,0,2,3,2,4
1698,402,114,1,1,0,3,0,0,0,2,3,1,4
1699,1691,114,1,0,1,0,0,3,1,0,4,1,4
1700,2848,114,1,0,1,0,0,2,2,3,4,1,4
1701,2285,114,1,0,0,0,0,5,2,3,5,1,3
1702,2727,114,1,0,0,0,0,2,3,2,5,2,3
1703,208,114,1,0,0,0,0,2,3,4,4,2,4
1704,601,114,1,0,2,0,1,0,2,0,3,2,2
1705,2738,114,1,0,1,0,0,0,2,0,3,1,3
1706,2127,114,1,0,0,0,1,2,3,2,3,3,2
1707,14,114,1,0,4,1,0,0,0,0,2,3,2
1708,2661,114,1,0,2,0,1,0,3,2,4,2,3
1709,2476,114,1,0,1,0,0,0,2,4,3,1,4
1710,991,114,1,0,0,0,0,0,0,5,3,1,5
1711,1374,115,1,0,0,0,0,3,3,0,4,4,2
1712,1201,115,1,0,0,0,0,0,0,3,3,1,1
1713,2444,115,1,0,0,0,0,2,0,0,4,1,1
1714,402,115,1,0,0,0,0,3,2,0,4,3,2
1715,1691,115,1,0,0,0,0,0,4,0,4,4,3
1716,2727,115,1,0,0,0,0,1,0,4,2,1,2
1717,14,115,0,0,2,2,0,0,0,0,2,2,2
1718,208,115,1,0,0,0,0,3,2,0,4,3,2
1719,2127,115,1,0,0,0,2,3,0,0,3,2,1
1720,601,115,1,0,0,0,0,0,0,3,3,1,1
1721,2291,115,0,0,0,0,0,0,0,1,3,1,1
1722,2848,115,1,0,0,0,0,0,0,2,4,2,1
1723,2285,115,1,0,0,0,2,3,0,0,4,3,3
1724,2738,115,1,0,0,0,0,0,0,3,3,1,1
1725,2258,115,1,0,0,0,0,0,0,3,3,1,1
1726,1374,116,1,0,0,0,0,4,0,0,5,4,5
1727,2444,116,1,0,0,0,0,0,0,4,1,1,1
1728,1201,116,1,0,0,0,0,0,3,0,3,2,2
1729,2291,116,1,0,0,0,0,4,0,0,3,2,2
1730,601,116,0,0,3,0,0,0,0,0,1,1,1
1731,2738,116,0,0,0,0,0,0,0,3,1,1,1
1732,2285,116,1,0,0,0,0,5,0,0,3,3,1
1733,208,116,1,0,0,0,0,0,3,0,1,3,1
1734,1691,116,1,0,0,0,0,0,0,3,3,1,1
1735,2127,116,1,0,0,0,0,3,0,0,4,1,3
1736,2258,116,0,0,0,0,0,0,0,3,1,1,1
1737,14,116,1,0,4,0,0,0,0,0,2,2,1
1738,402,116,1,0,0,0,0,0,4,0,3,4,4
1739,2848,116,1,0,0,0,0,0,0,3,4,1,4
1740,2727,116,0,0,0,0,0,0,0,3,2,1,1
1741,1374,117,1,0,0,0,0,4,0,0,4,5,4
1742,1201,117,1,0,0,0,0,0,0,5,3,1,3
1743,2444,117,1,0,0,0,0,3,0,0,4,4,4
1744,2291,117,1,0,0,0,0,0,0,3,3,1,3
1745,2258,117,1,0,0,0,1,0,0,0,2,1,1
1746,2285,117,1,0,0,0,0,4,0,0,2,2,2
1747,2127,117,1,0,0,0,0,0,0,1,2,1,2
1748,2848,117,1,0,0,0,0,0,0,1,1,1,1
1749,208,117,0,0,0,1,0,0,0,0,1,1,1
1750,1691,117,1,0,0,0,0,2,0,0,3,2,2
1751,2727,117,1,0,0,0,0,0,0,1,2,1,1
1752,2738,117,1,0,0,0,0,0,0,1,2,1,1
1753,402,117,1,0,0,0,0,1,0,0,1,1,1
1754,601,117,1,0,0,0,0,1,0,0,2,2,2
1755,14,117,1,0,1,0,0,0,0,0,2,3,4
1756,2144,118,1,0,0,0,0,0,4,0,3,3,4
1757,969,118,1,0,0,0,3,0,0,0,3,2,3
1758,1112,118,1,0,0,0,0,3,0,0,3,3,2
1759,1078,118,1,0,0,0,0,3,0,0,3,3,2
1760,2989,118,1,0,0,0,0,3,0,0,3,3,3
1761,2344,118,1,0,0,0,0,3,0,0,3,3,2
1762,706,118,1,0,0,0,0,0,3,0,3,3,3
1763,861,118,1,0,3,0,0,0,0,0,3,3,3
1764,235,118,1,0,3,0,0,0,0,0,3,3,2
1765,857,118,0,0,0,0,0,0,0,1,1,1,1
1766,1176,118,1,0,0,0,0,3,0,0,3,3,3
1767,364,118,0,0,0,0,3,0,0,0,3,1,2
1768,2444,118,1,0,0,0,0,3,0,0,3,3,3
1769,1374,118,1,0,0,0,0,0,3,0,3,3,3
1770,1201,118,1,0,0,0,0,0,0,3,2,1,2
1771,756,119,1,0,0,0,0,0,0,4,3,1,1
1772,1340,119,1,0,3,0,0,0,0,2,2,2,2
1773,2552,119,1,0,0,0,0,0,0,3,3,1,1
1774,857,119,0,0,0,0,0,0,0,3,3,1,1
1775,1078,119,1,0,0,0,0,0,0,3,3,1,1
1776,969,119,1,0,0,0,0,0,0,3,3,1,1
1777,364,119,0,0,0,2,0,0,0,2,2,2,1
1778,861,119,1,0,0,0,0,0,1,3,3,1,1
1779,1112,119,1,0,0,0,0,0,0,3,3,1,1
1780,1176,119,1,0,0,0,0,0,0,3,3,1,1
1781,2989,119,1,0,0,0,0,0,0,3,3,1,1
1782,2344,119,1,0,0,0,0,1,0,3,4,1,1
1783,706,119,1,0,0,0,0,0,0,3,3,1,1
1784,235,119,0,0,0,0,0,0,1,2,2,1,1
1785,2144,119,1,0,0,0,0,0,0,3,4,1,1
1786,1340,120,1,0,0,0,0,2,0,4,3,3,3
1787,2552,120,1,0,0,0,0,3,0,0,4,2,1
1788,756,120,1,0,0,0,0,0,0,4,3,2,2
1789,364,120,1,3,0,0,4,0,0,0,4,4,2
1790,235,120,0,0,1,0,0,0,0,0,4,2,2
1791,1176,120,1,0,0,0,0,3,0,0,2,2,1
1792,2344,120,1,0,0,0,0,0,0,3,2,2,1
1793,1078,120,1,0,0,0,0,0,2,0,1,2,1
1794,1112,120,1,0,0,0,0,0,2,0,1,2,1
1795,969,120,1,0,0,0,0,0,0,3,1,2,1
1796,706,120,1,0,0,0,0,0,2,0,2,3,2
1797,2144,120,1,0,0,0,0,4,0,0,1,3,2
1798,861,120,1,3,0,0,0,0,0,0,2,2,3
1799,2989,120,1,0,0,0,0,0,2,0,1,2,1
1800,857,120,1,0,0,0,0,0,0,3,2,1,3
1801,1340,121,1,0,0,0,0,5,0,0,3,5,2
1802,756,121,1,0,4,0,3,0,0,0,2,4,2
1803,2552,121,1,0,0,0,0,0,0,4,2,3,2
1804,1112,121,1,0,0,0,0,0,0,4,2,3,2
1805,1078,121,0,5,0,0,0,0,0,0,1,5,5
1806,364,121,0,0,0,0,0,0,3,0,2,3,2
1807,861,121,1,0,0,0,0,0,0,5,2,3,2
1808,2989,121,1,0,0,0,0,3,2,0,2,3,2
1809,706,121,0,2,0,0,0,0,0,0,2,3,2
1810,2144,121,0,0,5,0,0,0,0,0,1,5,5
1811,1176,121,1,0,0,0,0,3,0,0,2,3,2
1812,857,121,0,0,0,2,0,0,2,0,2,3,2
1813,2344,121,0,0,5,0,0,0,0,0,1,1,1
1814,969,121,1,0,0,0,0,5,0,0,5,5,5
1815,235,121,1,0,1,0,0,5,0,0,1,5,5
1816,1601,122,0,0,2,0,0,0,0,2,3,1,3
1817,864,122,1,0,0,0,0,4,2,0,4,1,5
1818,2937,122,1,0,0,0,0,0,4,0,5,3,4
1819,546,122,1,0,0,0,2,5,0,0,5,3,5
1820,699,122,0,0,2,4,0,0,3,0,2,4,3
1821,980,122,0,4,0,4,5,0,0,0,1,4,2
1822,681,122,1,0,0,0,0,5,4,0,5,1,5
1823,550,122,1,0,0,0,0,5,0,0,5,3,5
1824,1087,122,1,0,0,0,0,3,0,4,5,1,5
1825,429,122,1,0,0,0,0,4,3,0,5,3,3
1826,2299,122,1,0,0,0,0,5,0,0,5,2,4
1827,2736,122,1,0,0,0,0,5,5,0,5,3,5
1828,2552,122,1,0,0,0,0,0,0,4,4,2,4
1829,756,122,0,0,3,4,1,0,2,0,2,4,3
1830,1340,122,0,0,0,0,0,0,0,5,3,2,4
1831,2632,123,1,0,0,0,0,0,0,1,3,1,1
1832,310,123,0,0,0,0,0,0,0,2,3,1,1
1833,177,123,1,0,0,0,0,2,0,0,4,2,1
1834,724,123,0,0,0,0,0,0,0,1,3,1,1
1835,2876,123,0,0,2,0,0,0,0,0,2,3,1
1836,2621,123,1,0,0,0,0,1,0,0,4,2,1
1837,1342,123,1,0,0,0,0,2,0,0,4,1,1
1838,1970,123,0,0,0,0,3,0,0,0,1,3,2
1839,1535,123,0,0,1,0,0,0,0,0,2,3,1
1840,1247,123,0,0,1,0,0,0,0,0,2,2,2
1841,1487,123,1,0,0,0,0,1,0,0,4,2,1
1842,1359,123,1,0,0,0,0,4,0,0,5,3,2
1843,2552,123,1,0,0,0,0,2,0,0,4,3,2
1844,1340,123,1,0,0,0,0,2,0,0,4,1,1
1845,756,123,0,0,0,0,3,0,0,0,1,3,2
1846,1785,124,1,0,0,0,0,0,0,2,3,2,4
1847,2621,124,1,0,0,0,0,0,3,0,4,3,3
1848,1683,124,1,0,0,0,0,4,0,0,5,4,3
1849,681,124,1,0,0,0,0,5,0,0,5,1,5
1850,2299,124,1,0,0,0,0,4,0,0,4,1,2
1851,864,124,0,0,0,0,0,0,0,4,1,1,1
1852,1601,124,1,0,0,0,0,3,0,0,4,2,3
1853,980,124,0,0,3,0,2,0,0,1,1,1,1
1854,429,124,1,0,0,0,0,0,0,3,2,1,2
1855,2736,124,1,0,0,0,0,1,0,0,3,2,1
1856,546,124,1,0,0,0,0,5,4,0,4,3,4
1857,1087,124,1,0,0,0,0,0,3,0,4,1,1
1858,699,124,1,0,0,0,0,3,0,0,5,1,1
1859,2937,124,1,0,0,0,0,4,5,0,5,1,5
1860,550,124,0,0,0,0,1,3,0,0,2,1,3
1861,1487,125,1,0,0,0,0,4,3,0,3,1,3
1862,1970,125,1,0,0,0,4,0,4,0,3,2,2
1863,546,125,1,0,0,0,0,5,4,0,5,4,2
1864,550,125,1,0,0,0,0,5,5,0,5,5,4
1865,980,125,1,0,0,0,4,0,0,0,2,2,3
1866,699,125,0,0,4,4,5,0,4,0,2,3,3
1867,2937,125,1,0,0,0,0,0,3,5,3,1,1
1868,681,125,0,0,0,0,0,0,0,5,3,2,1
1869,1601,125,1,0,0,0,0,4,0,0,4,2,2
1870,864,125,0,0,0,0,0,0,0,5,3,1,1
1871,2736,125,1,0,0,0,0,5,5,0,5,4,3
1872,2299,125,1,0,0,0,0,4,4,0,4,2,1
1873,1087,125,1,0,0,0,0,0,0,5,4,1,1
1874,429,125,0,0,0,0,0,0,0,5,3,1,1
1875,2621,125,1,0,0,0,0,5,4,0,5,4,2
1876,1970,126,1,0,0,0,4,0,0,0,3,4,1
1877,1487,126,1,0,0,0,0,0,0,5,3,2,1
1878,550,126,1,0,0,0,0,0,0,4,3,2,1
1879,980,126,1,0,0,3,0,0,0,0,4,3,2
1880,429,126,1,0,0,0,0,5,0,0,4,4,1
1881,681,126,1,0,0,0,0,5,0,0,3,4,1
1882,2736,126,1,0,0,0,0,0,0,4,3,2,1
1883,864,126,1,0,3,0,0,0,0,0,3,4,4
1884,2937,126,1,0,0,0,0,0,4,0,3,4,4
1885,2299,126,1,0,0,0,0,0,0,4,3,2,1
1886,2621,126,1,0,0,0,0,0,0,3,3,3,1
1887,699,126,1,0,0,0,0,0,0,3,3,2,1
1888,546,126,1,0,0,0,0,0,0,4,3,2,1
1889,1601,126,1,0,0,0,0,5,0,0,4,3,1
1890,1087,126,1,0,0,0,0,4,0,0,3,2,1
1891,1352,127,1,0,0,0,0,2,1,0,3,1,1
1892,1712,127,1,0,0,0,0,5,0,0,5,3,3
1893,1683,127,1,0,0,0,0,4,0,0,4,3,3
1894,1359,127,1,0,0,0,0,5,3,0,4,4,3
1895,2632,127,1,0,0,0,0,2,0,2,3,1,3
1896,724,127,1,0,0,0,0,2,0,2,3,2,3
1897,177,127,1,0,0,0,0,2,0,0,3,1,2
1898,1342,127,1,0,0,0,0,5,0,0,4,2,3
1899,1247,127,0,0,4,0,2,0,4,0,1,2,3
1900,1535,127,1,0,1,0,0,0,3,0,3,3,3
1901,310,127,0,0,2,0,0,0,0,0,1,1,1
1902,2876,127,1,0,4,2,0,0,3,0,1,3,3
1903,1785,127,0,0,2,0,5,0,0,0,1,1,1
1904,1970,127,0,0,1,0,3,0,0,0,1,2,1
1905,1487,127,1,0,0,0,2,0,0,0,1,1,1
1906,1435,128,1,0,0,0,0,2,0,0,3,2,2
1907,2877,128,1,0,2,0,0,0,0,0,2,3,1
1908,1712,128,1,0,0,0,0,5,0,0,5,2,3
1909,1352,128,1,0,0,0,0,0,0,3,3,1,3
1910,1247,128,1,0,0,0,0,0,0,3,2,1,3
1911,2632,128,1,0,0,0,0,3,0,0,4,1,3
1912,2876,128,1,0,3,0,0,0,0,0,3,2,2
1913,177,128,1,0,0,0,0,3,0,0,4,1,3
1914,1342,128,1,0,0,0,0,4,0,0,5,1,3
1915,724,128,1,0,0,0,0,0,3,0,4,1,3
1916,1359,128,1,0,0,0,0,2,0,0,3,1,2
1917,310,128,1,0,0,0,0,0,0,2,3,1,2
1918,1785,128,1,0,0,0,0,0,0,3,3,1,3
1919,1535,128,1,0,0,0,0,0,5,0,5,3,1
1920,1683,128,1,0,0,0,0,5,0,0,5,1,3
1921,2877,129,0,0,2,0,0,0,0,0,2,2,4
1922,1435,129,1,0,0,0,0,5,0,0,5,4,5
1923,1352,129,1,0,0,0,0,5,0,0,5,3,5
1924,1712,129,1,0,0,0,0,4,0,0,5,4,5
1925,1359,129,1,0,0,0,0,5,0,0,5,4,5
1926,177,129,1,0,0,0,0,0,0,4,4,2,4
1927,310,129,1,0,0,0,0,4,0,0,4,4,3
1928,2876,129,1,0,0,0,0,0,4,0,4,4,4
1929,2632,129,1,0,0,0,0,0,0,5,3,1,5
1930,1683,129,1,0,0,0,0,4,0,0,4,2,5
1931,1342,129,1,0,0,0,0,5,0,0,5,4,5
1932,1785,129,1,0,0,0,4,0,0,0,2,1,2
1933,1535,129,1,0,4,0,0,0,0,0,2,4,1
1934,724,129,1,0,0,0,0,0,0,5,3,1,5
1935,1247,129,0,0,0,0,0,0,0,4,3,1,5
1936,557,130,1,0,0,0,0,3,0,0,4,2,3
1937,2313,130,1,0,0,0,0,0,0,2,3,1,2
1938,2303,130,1,0,0,0,0,3,2,0,4,2,3
1939,2167,130,1,0,0,0,2,0,0,0,3,1,2
1940,2067,130,1,0,0,0,0,0,0,3,2,2,1
1941,2211,130,1,0,0,0,0,0,0,3,3,1,1
1942,2202,130,1,0,0,0,0,1,0,2,4,2,2
1943,2002,130,1,0,0,0,3,0,0,0,2,2,1
1944,1507,130,1,0,0,0,0,0,3,0,4,3,2
1945,845,130,1,0,2,0,0,0,0,0,2,3,2
1946,38,130,1,0,0,0,0,4,3,0,5,3,2
1947,2877,130,1,0,4,0,0,0,0,0,2,3,2
1948,1435,130,1,0,0,0,0,2,0,0,3,2,2
1949,1712,130,1,0,0,0,0,0,2,0,3,2,1
1950,1352,130,1,0,0,0,0,3,0,0,4,2,2
1951,1839,131,1,0,0,0,0,0,0,1,4,1,3
1952,2288,131,1,0,0,0,0,4,0,0,5,2,4
1953,1197,131,1,0,0,0,0,2,0,0,4,1,2
1954,1982,131,0,0,0,0,0,0,0,1,3,1,1
1955,887,131,0,0,0,0,5,0,0,0,1,3,5
1956,98,131,1,0,0,0,0,3,0,0,4,1,2
1957,2167,131,1,0,0,0,0,0,0,2,3,1,1
1958,2780,131,1,0,0,0,0,0,0,3,4,3,4
1959,2474,131,0,0,2,0,0,0,0,0,2,3,3
1960,634,131,0,0,0,0,0,0,0,3,3,1,2
1961,1816,131,0,0,0,0,0,0,0,2,2,1,2
1962,1435,131,1,0,0,0,0,3,0,0,4,2,2
1963,2877,131,1,0,4,0,0,0,0,0,2,4,4
1964,1712,131,1,0,0,0,0,4,0,0,4,4,3
1965,1352,131,1,0,0,0,0,4,0,0,4,2,2
1966,2340,134,0,0,0,0,0,0,0,5,3,1,1
1967,2340,132,0,0,0,0,0,0,0,5,3,1,1
1968,298,134,1,1,1,1,1,5,1,3,5,3,2
1969,298,132,1,1,1,1,1,5,1,3,5,3,2
1970,1748,134,1,1,1,1,3,4,1,1,3,2,1
1971,1966,134,1,1,1,2,3,1,1,5,3,2,1
1972,1748,132,1,1,1,1,3,4,1,1,3,2,1
1973,2340,133,0,0,0,0,0,0,0,5,3,1,1
1974,3018,134,1,1,1,1,3,4,1,4,3,2,2
1975,1966,132,1,1,1,2,3,1,1,5,3,2,1
1976,1543,134,0,1,3,1,3,1,1,2,2,3,2
1977,298,133,1,1,1,1,1,5,1,3,5,3,2
1978,767,134,1,1,1,1,2,4,1,3,3,2,1
1979,3018,132,1,1,1,1,3,4,1,4,3,2,2
1980,1748,133,1,1,1,1,3,4,1,1,3,2,1
1981,2219,134,1,1,1,1,1,5,1,1,5,3,3
1982,1543,132,0,1,3,1,3,1,1,2,2,3,2
1983,1966,133,1,1,1,2,3,1,1,5,3,2,1
1984,1627,134,0,1,1,1,1,3,1,5,3,1,1
1985,767,132,1,1,1,1,2,4,1,3,3,2,1
1986,3018,133,1,1,1,1,3,4,1,4,3,2,2
1987,342,134,0,1,2,3,4,1,3,1,1,4,4
1988,2219,132,1,1,1,1,1,5,1,1,5,3,3
1989,865,134,1,2,1,1,4,2,1,3,3,1,2
1990,1543,133,0,1,3,1,3,1,1,2,2,3,2
1991,1627,132,0,1,1,1,1,3,1,5,3,1,1
1992,342,132,0,1,2,3,4,1,3,1,1,4,4
1993,767,133,1,1,1,1,2,4,1,3,3,2,1
1994,1435,134,1,1,1,1,1,5,1,3,3,2,1
1995,865,132,1,2,1,1,4,2,1,3,3,1,2
1996,2219,133,1,1,1,1,1,5,1,1,5,3,3
1997,2877,134,1,1,1,1,1,5,2,1,3,1,1
1998,1627,133,0,1,1,1,1,3,1,5,3,1,1
1999,1352,134,0,1,4,2,1,1,4,1,2,2,3
2000,1435,132,1,1,1,1,1,5,1,3,3,2,1
2001,1712,134,1,1,1,1,1,5,1,1,5,3,3
2002,342,133,0,1,2,3,4,1,3,1,1,4,4
2003,2877,132,1,1,1,1,1,5,2,1,3,1,1
2004,865,133,1,2,1,1,4,2,1,3,3,1,2
2005,1352,132,0,1,4,2,1,1,4,1,2,2,3
2006,1435,133,1,1,1,1,1,5,1,3,3,2,1
2007,1712,132,1,1,1,1,1,5,1,1,5,3,3
2008,2877,133,1,1,1,1,1,5,2,1,3,1,1
2009,1352,133,0,1,4,2,1,1,4,1,2,2,3
2010,1712,133,1,1,1,1,1,5,1,1,5,3,3
2011,2340,135,0,0,0,0,0,0,0,5,3,1,1
2012,298,135,1,1,1,1,1,5,1,3,5,3,2
2013,1748,135,1,1,1,1,3,4,1,1,3,2,1
2014,1966,135,1,1,1,2,3,1,1,5,3,2,1
2015,3018,135,1,1,1,1,3,4,1,4,3,2,2
2016,1543,135,0,1,3,1,3,1,1,2,2,3,2
2017,767,135,1,1,1,1,2,4,1,3,3,2,1
2018,2219,135,1,1,1,1,1,5,1,1,5,3,3
2019,1627,135,0,1,1,1,1,3,1,5,3,1,1
2020,342,135,0,1,2,3,4,1,3,1,1,4,4
2021,865,135,1,2,1,1,4,2,1,3,3,1,2
2022,1435,135,1,1,1,1,1,5,1,3,3,2,1
2023,2877,135,1,1,1,1,1,5,2,1,3,1,1
2024,1352,135,0,1,4,2,1,1,4,1,2,2,3
2025,1712,135,1,1,1,1,1,5,1,1,5,3,3
2026,1892,136,1,0,0,0,0,0,0,4,3,1,1
2027,2447,136,1,0,0,0,2,0,0,3,4,3,2
2028,1341,136,1,0,0,0,0,5,0,0,5,3,1
2029,476,136,1,0,0,0,0,4,0,0,4,2,1
2030,835,136,1,0,0,0,0,0,2,3,3,3,4
2031,1424,136,1,0,0,0,0,5,0,0,5,3,1
2032,2804,136,1,0,0,0,0,2,0,4,4,2,2
2033,2882,136,0,0,2,2,0,0,4,0,2,4,4
2034,336,136,0,3,3,5,3,0,4,0,1,5,5
2035,2536,136,1,0,0,0,0,0,0,4,3,1,1
2036,1872,136,1,0,1,0,3,0,0,0,2,2,2
2037,2877,136,1,0,3,1,0,0,4,0,2,3,4
2038,1435,136,1,0,0,0,0,5,0,0,5,3,1
2039,1712,136,1,0,0,0,0,5,0,0,5,2,1
2040,1352,136,1,0,2,0,0,3,3,0,4,3,3
2041,845,137,0,5,0,0,0,0,0,0,1,1,1
2042,2288,137,1,0,0,0,0,5,0,0,5,5,5
2043,2780,137,1,0,0,0,0,0,0,3,3,3,3
2044,1982,137,1,0,0,0,0,0,0,3,2,3,2
2045,38,137,1,0,0,0,0,5,0,0,5,5,5
2046,2002,137,0,0,0,0,5,0,0,0,1,1,1
2047,1839,137,1,0,0,0,0,3,0,0,3,3,3
2048,634,137,1,0,0,0,0,0,0,3,3,3,3
2049,887,137,0,5,0,0,0,0,0,0,1,1,1
2050,1197,137,1,0,0,0,0,4,0,0,4,4,4
2051,1507,137,0,0,5,0,0,0,0,0,4,4,4
2052,2303,137,0,0,0,0,0,0,0,5,3,3,3
2053,557,137,1,0,0,0,0,5,0,0,5,5,5
2054,2474,137,0,0,0,0,0,0,0,3,3,3,3
2055,2167,137,0,0,0,0,3,0,0,0,2,2,2
2056,634,138,0,0,0,0,3,0,0,2,2,2,4
2057,845,138,0,5,5,5,5,0,0,0,1,5,5
2058,2474,138,1,0,1,0,0,0,2,3,3,2,3
2059,887,138,0,5,5,5,5,0,0,0,1,4,5
2060,2303,138,1,0,0,0,0,0,0,5,4,1,2
2061,557,138,1,0,0,0,0,3,0,3,4,1,2
2062,1982,138,1,0,0,0,0,0,2,4,4,2,3
2063,1197,138,1,0,0,0,0,4,1,0,5,2,3
2064,2288,138,1,0,0,0,0,1,0,5,3,1,3
2065,38,138,1,0,0,0,0,4,1,0,5,2,3
2066,2780,138,0,0,0,2,2,0,0,3,2,2,4
2067,2002,138,0,0,0,0,2,0,0,0,2,2,3
2068,1839,138,1,0,0,0,0,3,0,2,4,2,3
2069,1507,138,1,0,0,0,0,4,3,2,5,3,1
2070,2167,138,1,0,0,0,0,3,0,4,4,2,3
2071,1816,139,1,0,0,0,0,3,0,4,5,2,2
2072,2780,139,1,0,0,0,0,5,2,0,5,3,4
2073,2474,139,0,0,3,0,2,0,0,0,2,1,1
2074,1982,139,1,0,0,0,4,0,0,0,1,4,1
2075,557,139,1,0,0,0,0,5,3,0,4,3,4
2076,887,139,0,4,5,2,5,0,0,0,1,1,1
2077,2303,139,1,0,0,0,0,0,0,4,5,3,4
2078,38,139,1,0,0,0,0,4,4,0,5,5,5
2079,1197,139,1,0,0,0,0,5,0,0,5,4,3
2080,2002,139,0,0,2,0,5,0,0,0,1,3,2
2081,1839,139,1,0,0,0,0,2,0,5,4,1,2
2082,1507,139,1,0,4,0,0,3,2,0,3,5,1
2083,634,139,0,3,0,4,5,0,0,0,1,4,1
2084,845,139,0,5,5,4,5,0,0,0,1,5,1
2085,2288,139,1,0,0,0,0,5,5,0,5,5,5
2086,1872,140,1,0,0,0,3,0,2,0,3,2,2
2087,2780,140,0,0,0,0,0,2,0,0,3,1,1
2088,1197,140,0,0,0,0,0,0,0,2,2,1,1
2089,887,140,0,3,3,0,4,0,0,0,2,3,2
2090,634,140,0,0,0,0,0,0,2,0,3,1,1
2091,1839,140,1,0,0,0,0,2,2,0,3,2,2
2092,2303,140,1,0,0,0,0,3,0,0,4,1,1
2093,2288,140,0,0,0,0,0,0,2,0,3,2,2
2094,1507,140,1,0,0,0,0,0,2,0,3,2,2
2095,845,140,1,0,2,1,2,0,0,0,2,2,2
2096,1982,140,0,0,0,0,0,0,2,0,3,1,1
2097,38,140,0,3,0,0,2,0,2,0,2,2,2
2098,557,140,1,0,0,0,0,0,0,3,3,1,1
2099,2002,140,0,0,0,0,2,0,0,0,2,2,2
2100,2474,140,0,0,3,0,3,0,0,0,2,2,2
2101,2804,141,1,0,2,0,0,0,0,4,4,4,3
2102,336,141,0,0,5,5,0,0,0,0,2,5,3
2103,835,141,0,0,4,0,0,0,0,0,3,3,3
2104,2447,141,1,0,0,0,0,5,0,0,5,2,2
2105,1892,141,0,0,0,0,0,0,0,3,3,1,2
2106,2536,141,1,0,0,0,0,0,0,4,3,1,3
2107,1341,141,1,0,0,0,0,5,5,0,5,1,2
2108,98,141,1,0,0,0,0,4,2,0,4,1,1
2109,2882,141,0,0,3,4,0,0,0,0,2,2,3
2110,476,141,1,0,0,0,0,4,4,0,4,2,2
2111,2067,141,1,0,0,0,0,5,0,0,5,1,2
2112,2211,141,0,0,0,0,0,0,0,5,3,2,2
2113,2202,141,1,0,0,0,0,3,0,0,4,1,1
2114,1816,141,1,0,0,0,0,3,0,0,4,2,2
2115,1872,141,0,0,4,5,0,0,0,0,2,4,3
2116,2804,142,1,0,0,0,0,0,0,3,4,1,3
2117,2067,142,1,0,0,0,0,3,0,0,4,1,2
2118,835,142,0,4,0,3,0,0,0,0,1,1,1
2119,2536,142,0,0,0,0,0,0,0,3,2,1,1
2120,476,142,1,0,0,0,0,2,0,0,3,1,1
2121,2202,142,1,0,0,0,0,2,0,0,4,1,1
2122,2211,142,1,0,0,0,0,1,0,3,4,1,2
2123,336,142,0,0,4,3,0,0,4,0,1,1,1
2124,2882,142,1,0,0,0,0,0,4,0,2,1,2
2125,1341,142,1,0,1,0,0,3,0,0,2,1,1
2126,98,142,1,0,0,0,0,0,0,5,1,1,1
2127,2447,142,1,0,0,0,0,4,0,0,5,2,1
2128,1892,142,1,0,0,0,0,0,0,4,3,1,1
2129,1816,142,0,0,0,0,0,0,0,4,1,1,1
2130,1872,142,1,0,0,0,0,3,0,0,4,1,1
2131,1424,143,1,1,1,1,1,5,3,3,3,4,3
2132,2313,143,1,0,0,0,0,0,0,5,3,1,4
2133,835,143,1,2,2,0,2,0,2,4,3,3,4
2134,2202,143,1,0,0,0,0,5,5,0,5,1,5
2135,2536,143,1,0,0,0,0,0,0,5,3,1,3
2136,2067,143,1,0,0,0,0,5,0,0,3,2,5
2137,1892,143,0,0,0,0,0,0,0,5,3,1,3
2138,1341,143,1,0,0,0,0,5,5,0,5,5,3
2139,2882,143,1,0,3,0,0,0,3,0,3,4,3
2140,476,143,1,0,0,0,0,5,0,0,2,4,3
2141,2447,143,1,0,0,0,0,0,0,5,3,1,5
2142,2211,143,0,0,0,0,0,0,0,5,3,2,3
2143,98,143,1,0,0,0,0,5,0,0,5,2,4
2144,336,143,0,3,0,0,3,0,0,0,1,5,4
2145,2804,143,0,0,0,0,5,0,0,0,1,1,4
2146,3047,144,0,1,0,2,0,0,0,0,3,3,3
2147,414,144,1,0,0,0,0,4,0,0,4,3,3
2148,2940,144,1,0,0,0,0,0,0,5,4,1,3
2149,2796,144,1,0,0,0,3,0,0,1,3,2,2
2150,1881,144,0,0,2,0,4,0,0,0,2,3,2
2151,2649,144,1,0,1,0,0,0,0,3,3,2,2
2152,142,144,0,0,0,0,0,0,2,0,3,3,3
2153,2995,144,1,0,2,0,1,0,0,0,2,3,2
2154,2319,144,0,0,2,0,0,0,0,0,2,3,2
2155,421,144,1,0,0,0,0,4,0,0,4,3,2
2156,2717,144,1,0,1,0,0,2,0,0,3,2,2
2157,2668,144,0,0,3,0,0,0,0,0,2,3,2
2158,1194,144,1,0,0,0,0,0,0,3,3,2,3
2159,1424,144,1,0,0,0,0,2,0,3,3,3,3
2160,2313,144,1,0,0,0,0,0,0,3,3,2,3
2161,2717,145,1,0,0,0,0,2,0,5,4,1,3
2162,2668,145,0,0,0,0,0,0,2,3,3,3,3
2163,2649,145,0,0,0,0,0,0,0,5,3,1,3
2164,2995,145,0,0,1,0,0,0,0,4,3,3,3
2165,1194,145,1,0,0,0,0,3,2,2,4,1,4
2166,1881,145,1,0,3,0,2,0,2,0,2,4,2
2167,142,145,0,0,0,2,0,0,5,0,3,4,4
2168,421,145,1,0,0,0,0,5,0,0,5,1,4
2169,2319,145,1,0,0,0,0,0,0,5,4,3,2
2170,414,145,1,0,0,0,0,4,4,0,4,2,4
2171,2796,145,0,2,0,0,4,0,0,0,1,3,1
2172,3047,145,1,4,0,0,0,2,4,0,4,3,4
2173,2940,145,1,0,0,0,0,3,2,3,4,2,2
2174,1424,145,1,0,0,0,0,5,0,0,5,2,5
2175,2313,145,0,0,0,0,3,0,0,3,2,1,4
2176,1454,146,0,0,4,0,0,0,0,0,2,4,3
2177,184,146,1,0,0,0,0,3,0,0,4,2,3
2178,2668,146,1,0,0,0,0,3,0,0,4,2,2
2179,421,146,1,0,0,0,0,4,0,0,4,2,2
2180,2796,146,0,0,0,0,4,0,0,0,2,3,3
2181,1881,146,0,0,4,0,4,0,0,0,1,4,3
2182,2319,146,0,0,0,0,0,0,0,4,3,1,1
2183,2717,146,1,0,0,0,0,0,0,4,3,2,1
2184,2940,146,1,0,0,0,0,4,0,0,4,3,2
2185,2649,146,0,0,0,0,0,0,0,4,3,1,1
2186,2995,146,0,0,0,0,2,0,0,0,2,2,2
2187,414,146,0,0,0,0,0,0,0,3,3,2,2
2188,1194,146,0,0,0,0,0,0,0,4,3,1,1
2189,3047,146,0,0,0,0,0,0,0,4,3,1,1
2190,142,146,0,0,0,0,0,0,4,0,4,3,3
2191,1454,147,0,0,4,0,0,0,0,0,2,3,4
2192,184,147,1,0,0,0,0,5,0,0,5,4,4
2193,2995,147,0,0,0,0,4,0,0,0,1,3,1
2194,2319,147,1,0,0,0,0,0,0,2,3,1,3
2195,2940,147,1,0,0,0,0,5,0,0,5,5,4
2196,2796,147,1,0,0,0,2,0,0,0,2,4,3
2197,1194,147,1,0,0,0,0,3,0,0,5,4,5
2198,414,147,1,0,0,0,0,5,0,0,5,5,5
2199,2668,147,1,0,0,4,0,0,0,0,2,2,4
2200,3047,147,0,0,5,0,0,0,0,0,2,3,1
2201,142,147,0,0,0,0,0,0,4,0,2,4,4
2202,2717,147,1,0,0,0,0,5,0,0,5,4,4
2203,2649,147,0,0,0,0,0,0,0,4,2,1,1
2204,1881,147,1,0,0,0,5,0,0,0,1,3,2
2205,421,147,1,0,0,0,0,5,0,0,5,5,3
2206,2435,148,0,1,1,2,1,1,1,4,3,1,1
2207,2751,148,1,0,0,0,0,4,4,0,5,3,2
2208,3004,148,0,0,0,2,1,0,1,4,1,1,1
2209,1151,148,0,1,1,1,1,1,1,5,2,1,1
2210,118,148,0,1,1,1,4,1,2,1,2,1,1
2211,780,148,1,1,2,1,2,3,4,0,4,3,1
2212,560,148,1,1,1,1,1,4,3,0,4,3,2
2213,1925,148,0,3,3,2,4,1,2,0,2,1,1
2214,1861,148,0,5,5,2,5,1,2,0,1,4,4
2215,2089,148,1,1,2,1,2,3,4,0,3,2,3
2216,1717,148,1,1,1,1,1,4,3,0,4,3,1
2217,46,148,0,1,3,1,4,2,4,0,3,3,3
2218,2669,148,0,3,3,4,4,1,2,0,1,3,3
2219,1454,148,0,3,3,1,2,1,4,0,3,3,4
2220,184,148,1,1,2,1,1,5,4,0,4,4,2
2221,560,149,1,0,0,0,0,4,0,0,4,2,1
2222,1151,149,1,0,0,0,0,0,0,4,3,1,1
2223,2089,149,1,0,0,0,0,4,0,0,4,1,1
2224,780,149,0,0,2,2,0,0,3,0,2,1,1
2225,46,149,0,0,0,0,4,0,4,0,2,3,3
2226,3004,149,0,0,0,3,0,0,0,0,2,2,2
2227,2435,149,0,0,0,0,3,0,0,0,2,1,1
2228,2669,149,0,0,0,0,0,0,0,3,3,1,1
2229,1925,149,0,0,3,0,3,0,0,0,2,2,1
2230,1861,149,0,0,3,0,3,0,0,0,2,2,1
2231,2751,149,1,0,0,0,0,4,0,0,5,2,3
2232,1717,149,1,0,0,0,0,4,0,0,4,2,3
2233,118,149,1,0,2,0,0,0,3,0,3,3,3
2234,1454,149,1,0,0,0,0,4,2,0,4,3,2
2235,184,149,1,0,0,0,0,3,0,0,4,3,2
2236,1721,150,1,0,2,0,0,3,0,3,2,2,2
2237,2634,150,1,0,0,0,0,0,0,5,3,3,3
2238,560,150,1,0,0,0,0,4,0,0,1,1,1
2239,1151,150,0,0,0,0,0,0,0,5,1,1,1
2240,1925,150,0,3,2,5,5,0,3,0,5,3,4
2241,2669,150,1,0,2,0,0,0,1,4,3,3,3
2242,2751,150,1,0,0,0,0,3,0,3,3,3,3
2243,46,150,0,0,0,0,2,0,0,5,2,3,5
2244,1861,150,0,5,4,4,5,0,5,0,1,4,5
2245,780,150,1,0,4,0,4,0,5,0,2,4,5
2246,2435,150,0,0,0,0,0,0,0,5,3,3,3
2247,1717,150,1,0,0,0,0,4,0,0,5,4,3
2248,2089,150,1,0,0,0,0,5,2,0,4,5,1
2249,3004,150,0,0,0,0,3,0,0,0,3,3,3
2250,118,150,0,0,0,5,5,0,0,0,3,3,3
2251,2234,151,0,0,3,5,0,0,0,0,1,1,2
2252,1644,151,1,0,0,0,0,5,2,0,5,5,4
2253,1151,151,0,2,5,5,0,0,0,0,1,1,3
2254,780,151,1,0,0,2,4,0,4,0,3,4,4
2255,2669,151,0,0,0,0,0,0,0,5,3,3,3
2256,118,151,1,0,0,0,0,2,3,4,3,3,3
2257,1717,151,1,0,0,0,0,5,0,0,5,4,5
2258,2435,151,1,0,0,0,2,2,0,2,3,2,2
2259,46,151,1,0,0,0,0,5,2,0,5,3,3
2260,2089,151,1,0,0,0,0,4,2,0,5,3,3
2261,1925,151,0,0,1,3,4,0,0,0,2,3,3
2262,2751,151,1,0,0,0,0,4,0,0,4,2,2
2263,1861,151,1,0,0,1,5,0,0,0,3,4,2
2264,3004,151,1,0,0,0,0,4,3,0,4,5,2
2265,560,151,1,0,0,0,0,5,1,0,5,3,1
2266,2604,152,0,0,0,0,0,0,0,5,3,1,3
2267,791,152,0,0,0,0,0,0,0,5,3,1,3
2268,166,152,0,0,0,2,0,0,3,0,3,3,3
2269,1775,152,0,0,0,0,1,0,0,0,2,1,3
2270,2810,152,0,0,0,0,0,0,0,5,3,1,3
2271,186,152,0,0,0,0,0,0,0,5,3,1,3
2272,136,152,0,0,0,0,0,1,0,0,4,1,3
2273,1554,152,0,0,1,0,0,0,0,0,3,2,3
2274,1939,152,0,0,0,0,0,0,0,5,3,1,3
2275,2006,152,0,0,0,0,0,0,1,0,3,2,3
2276,39,152,1,0,0,0,0,2,0,0,5,2,3
2277,2234,152,1,0,0,0,0,1,0,0,4,2,3
2278,2634,152,0,0,0,0,0,0,0,5,3,1,3
2279,1721,152,1,0,0,0,0,0,0,5,3,1,3
2280,1644,152,1,0,0,0,0,1,0,0,4,1,3
2281,2006,153,1,0,0,0,4,0,3,0,2,4,2
2282,166,153,0,0,0,4,1,0,3,0,1,4,2
2283,39,153,1,0,0,0,0,3,0,2,4,1,4
2284,136,153,1,0,0,0,0,2,0,2,4,1,3
2285,2810,153,1,0,0,0,0,0,0,4,3,2,3
2286,791,153,1,0,0,0,0,0,0,4,4,2,3
2287,2604,153,1,0,0,0,0,3,0,3,5,2,4
2288,186,153,1,0,0,0,0,3,0,2,4,3,1
2289,1554,153,1,0,0,0,1,1,0,3,3,2,2
2290,1939,153,0,0,0,1,1,0,0,4,2,2,1
2291,1775,153,0,0,1,0,4,0,0,0,1,4,1
2292,2234,153,1,0,0,0,0,1,3,3,3,3,2
2293,1644,153,1,0,0,0,0,5,0,0,5,3,2
2294,1721,153,1,0,0,0,0,5,0,0,5,2,3
2295,2634,153,0,0,0,0,0,2,0,2,3,2,3
2296,791,154,1,1,1,1,1,3,3,3,3,1,5
2297,186,154,1,1,1,1,1,4,5,0,5,5,5
2298,2604,154,1,1,1,1,1,3,1,0,3,1,5
2299,2810,154,0,1,2,1,1,1,1,0,1,1,3
2300,166,154,0,1,4,4,5,1,5,0,1,1,1
2301,136,154,1,1,1,1,1,4,1,0,5,5,5
2302,2006,154,0,1,1,1,4,1,2,0,1,1,1
2303,39,154,1,1,1,1,1,4,1,0,5,5,5
2304,1554,154,1,1,2,1,2,3,3,0,2,2,2
2305,1939,154,1,1,1,1,3,1,2,0,2,2,3
2306,1775,154,1,1,1,1,3,2,2,0,2,2,3
2307,1644,154,1,1,1,1,1,4,4,0,5,5,5
2308,1721,154,1,1,1,1,1,4,4,0,5,5,5
2309,2634,154,0,1,1,1,2,2,3,0,2,2,3
2310,2234,154,1,1,2,1,3,1,3,0,2,2,3
2311,2412,155,1,0,0,0,3,4,0,0,3,3,3
2312,2412,156,1,0,0,0,3,4,0,0,3,3,3
2313,1500,155,0,0,4,0,0,0,0,0,2,2,2
2314,1500,156,0,0,4,0,0,0,0,0,2,2,2
2315,2412,157,1,0,0,0,3,4,0,0,3,3,3
2316,1280,156,1,0,0,0,0,4,5,0,4,5,4
2317,1280,155,1,0,0,0,0,4,5,0,4,5,4
2318,1500,157,0,0,4,0,0,0,0,0,2,2,2
2319,1853,156,0,0,0,0,0,0,0,5,3,2,2
2320,1853,155,0,0,0,0,0,0,0,5,3,2,2
2321,1280,157,1,0,0,0,0,4,5,0,4,5,4
2322,39,155,1,0,0,0,0,3,0,5,4,3,3
2323,39,156,1,0,0,0,0,3,0,5,4,3,3
2324,1853,157,0,0,0,0,0,0,0,5,3,2,2
2325,186,156,1,0,0,0,0,4,3,0,4,3,3
2326,186,155,1,0,0,0,0,4,3,0,4,3,3
2327,2006,156,0,0,4,0,5,0,0,0,1,1,1
2328,2006,155,0,0,4,0,5,0,0,0,1,1,1
2329,39,157,1,0,0,0,0,3,0,5,4,3,3
2330,1939,156,0,0,5,0,5,0,0,0,1,1,1
2331,1939,155,0,0,5,0,5,0,0,0,1,1,1
2332,186,157,1,0,0,0,0,4,3,0,4,3,3
2333,791,156,0,0,0,0,0,0,0,5,3,3,3
2334,791,155,0,0,0,0,0,0,0,5,3,3,3
2335,2006,157,0,0,4,0,5,0,0,0,1,1,1
2336,2604,156,1,0,0,0,0,0,0,5,3,3,3
2337,2604,155,1,0,0,0,0,0,0,5,3,3,3
2338,1939,157,0,0,5,0,5,0,0,0,1,1,1
2339,1554,155,0,0,5,0,0,0,0,0,2,2,2
2340,1554,156,0,0,5,0,0,0,0,0,2,2,2
2341,791,157,0,0,0,0,0,0,0,5,3,3,3
2342,1775,156,0,0,0,0,4,0,0,0,2,2,2
2343,1775,155,0,0,0,0,4,0,0,0,2,2,2
2344,2604,157,1,0,0,0,0,0,0,5,3,3,3
2345,136,155,1,0,0,0,0,4,0,0,4,4,3
2346,136,156,1,0,0,0,0,4,0,0,4,4,3
2347,2810,155,0,0,4,3,0,0,0,0,1,1,1
2348,2810,156,0,0,4,3,0,0,0,0,1,1,1
2349,1554,157,0,0,5,0,0,0,0,0,2,2,2
2350,166,156,0,0,4,5,0,0,0,0,1,4,1
2351,166,155,0,0,4,5,0,0,0,0,1,4,1
2352,1775,157,0,0,0,0,4,0,0,0,2,2,2
2353,136,157,1,0,0,0,0,4,0,0,4,4,3
2354,2810,157,0,0,4,3,0,0,0,0,1,1,1
2355,166,157,0,0,4,5,0,0,0,0,1,4,1
2356,1586,158,1,1,1,1,2,5,1,2,3,3,3
2357,2630,158,1,1,1,1,1,4,1,3,3,4,1
2358,652,158,1,1,1,1,2,4,1,3,3,3,2
2359,1391,158,1,1,1,1,2,4,1,3,4,4,1
2360,1657,158,1,1,1,1,2,4,1,3,5,5,1
2361,2516,158,1,3,4,2,4,1,1,1,2,5,1
2362,1518,158,1,1,1,1,1,5,1,1,5,5,1
2363,2184,158,1,1,1,1,3,3,1,2,3,4,1
2364,1922,158,1,1,1,1,2,3,1,3,3,4,1
2365,1588,158,1,1,1,1,3,3,1,2,4,5,1
2366,1315,158,1,1,1,1,2,5,1,1,5,5,1
2367,2412,158,1,1,1,1,3,3,1,3,5,5,1
2368,1853,158,1,3,3,3,3,2,1,1,5,5,2
2369,1280,158,1,1,1,1,1,3,1,3,3,3,1
2370,1500,158,1,1,1,1,2,3,1,3,5,5,1
2371,1657,159,1,0,0,0,0,4,0,0,3,3,3
2372,1518,159,1,0,3,0,0,0,0,0,3,2,3
2373,1391,159,1,0,0,0,0,4,0,0,4,4,3
2374,652,159,1,0,0,0,0,0,0,3,2,2,2
2375,1588,159,1,0,0,0,0,0,0,3,2,2,2
2376,1922,159,0,0,0,0,0,0,0,2,1,1,1
2377,2516,159,1,0,0,3,0,0,0,0,3,2,3
2378,1315,159,1,0,0,0,0,3,0,0,4,3,3
2379,1586,159,1,0,0,0,0,0,0,2,2,2,2
2380,2184,159,1,0,0,0,0,0,0,2,2,2,2
2381,2630,159,1,0,0,0,0,0,0,2,2,2,2
2382,1500,159,1,0,0,0,2,0,0,0,3,2,2
2383,1853,159,0,0,0,0,0,0,0,2,1,1,1
2384,2412,159,1,0,0,0,0,3,0,0,3,3,3
2385,1280,159,1,0,0,0,0,0,0,2,2,1,2
2386,1898,160,1,0,0,0,0,0,0,3,4,1,2
2387,2097,160,1,0,0,0,0,0,3,0,2,1,1
2388,1871,160,0,0,0,0,0,0,0,5,3,1,3
2389,464,160,1,0,0,0,0,4,0,0,5,2,2
2390,652,160,1,0,0,0,0,4,0,0,5,2,1
2391,1315,160,1,0,0,0,0,5,0,0,5,2,2
2392,1922,160,0,0,0,0,3,0,0,0,2,1,1
2393,2184,160,0,0,0,0,0,0,0,5,3,3,3
2394,1586,160,1,0,0,0,0,5,0,0,5,3,4
2395,1518,160,1,0,0,0,0,0,4,0,4,4,3
2396,1657,160,1,0,0,0,0,4,0,0,4,2,2
2397,2630,160,1,0,0,1,0,0,0,0,3,2,3
2398,2516,160,0,0,0,0,3,0,0,0,2,3,2
2399,1588,160,0,0,0,0,0,0,0,5,3,1,2
2400,1391,160,1,0,0,0,0,5,0,0,5,3,2
2401,464,161,1,0,0,0,0,1,0,3,3,1,1
2402,1898,161,1,0,0,0,0,0,0,3,2,2,3
2403,2097,161,0,0,0,1,0,0,0,0,2,2,2
2404,1871,161,1,0,0,0,0,0,0,3,3,3,3
2405,652,161,1,0,0,0,0,2,0,0,3,3,3
2406,1657,161,1,0,0,0,0,3,0,0,3,4,3
2407,1588,161,0,0,0,0,0,0,0,2,3,3,3
2408,1391,161,1,0,0,0,0,2,0,0,3,3,3
2409,1586,161,1,0,0,0,0,0,0,2,3,3,3
2410,1518,161,1,0,0,0,2,2,0,0,4,4,3
2411,2184,161,1,0,0,0,0,0,0,2,3,3,3
2412,2516,161,0,0,0,2,1,0,0,0,2,3,3
2413,1315,161,0,0,0,0,0,0,0,2,3,1,3
2414,2630,161,1,0,0,0,0,0,0,3,3,3,3
2415,1922,161,0,0,1,0,0,0,0,3,2,3,3
2416,551,162,1,0,0,0,0,0,0,3,4,2,2
2417,32,162,1,0,0,0,0,4,0,0,5,4,2
2418,1059,162,1,0,0,0,0,3,0,0,5,3,3
2419,2678,162,0,0,4,4,0,0,0,0,1,1,2
2420,2868,162,0,0,3,0,0,0,0,0,2,2,4
2421,1726,162,0,0,0,3,0,0,0,0,3,2,3
2422,2053,162,1,0,0,0,0,2,0,0,4,3,3
2423,2546,162,0,0,0,4,3,0,0,0,2,1,1
2424,773,162,0,0,2,2,0,0,0,0,3,1,2
2425,365,162,0,0,0,3,4,0,0,0,1,1,2
2426,1567,162,1,0,0,0,0,0,0,3,4,3,3
2427,1871,162,0,0,3,3,0,0,0,0,3,1,2
2428,2097,162,0,0,0,4,0,0,0,0,3,1,3
2429,1898,162,0,0,0,3,0,0,0,0,3,1,2
2430,464,162,1,0,0,0,0,0,4,0,5,4,5
2431,773,163,1,0,3,0,0,0,3,0,4,4,2
2432,2053,163,1,0,0,0,0,5,3,0,5,1,3
2433,2868,163,0,0,5,5,0,0,0,0,1,5,1
2434,2678,163,0,0,4,0,5,0,0,0,2,4,2
2435,365,163,0,0,0,5,5,0,0,0,1,5,1
2436,551,163,1,0,2,0,0,5,0,0,5,1,5
2437,32,163,1,0,0,0,0,5,0,0,5,1,3
2438,1567,163,1,0,0,0,3,5,0,0,4,2,4
2439,1726,163,1,0,0,0,3,3,0,0,3,3,1
2440,1059,163,1,0,0,0,0,4,0,0,4,3,5
2441,2546,163,0,0,5,0,5,0,0,0,1,5,1
2442,2097,163,0,0,0,3,0,5,0,0,2,2,1
2443,1898,163,0,0,0,3,5,0,1,0,1,4,1
2444,1871,163,0,0,0,0,5,0,0,0,1,1,1
2445,464,163,0,0,0,0,0,5,0,0,1,1,4
